"Product Code","Product Name",Variant,Expected,Counted
112233,"Product test",,490.0000,
42204084,"NIVEA SOFT MOISTURISER",,1000.0000,
42204091,"NIVEA SOFT MOISTURISER",,1000.0000,
42204169,"NIVEA SOFT MOISTURISER",,1000.0000,
4902430290098,"ARIEL TOP LOAD",,1000.0000,
4902430294164,"ARIEL COMPLETE",,1000.0000,
4902430345934,"HEAD AND SHOULDER SILKY BLACK SHAMPOO",,1000.0000,
4902430346115,"PANTENE ADVANCE SOLUTION SHAMPOO",,1000.0000,
4902430364003,"PAMPERS SMALL",,1000.0000,
4902430364027,"PAMPERS MEDIUM",,1000.0000,
4902430364126,"PAMPERS LARGE",,1000.0000,
4902430473194,"WHISPER ULTRA CLEAN",,1000.0000,
4902430538794,"PANTENE HAIRFALL CONTROL 2IN1",,1000.0000,
4902430602747,"GILLETTE SENSATIVE SHAVING FOAM",,1000.0000,
4902430602761,"GILLETTE REGULAR SHAVING FOAM",,1000.0000,
4902430645577,"PAMPERS LARGE",,1000.0000,
4902430649568,"OLD SPICE MUSK SHAVING CREAM",,1000.0000,
4902430721530,"GILLETTE FUSION BLADE 2NOS",,1000.0000,
4902430721554,"GILLETTE FUSION BLADE 4 NOS",,1000.0000,
4902430722049,"GILLETTE SHAVE GEL",,1000.0000,
4902430722193,"GILLETTE REGULAR SHAVING FOAM",,1000.0000,
4902430722421,"GILLETTE MACH 3 BLADES 4 NOS",,1000.0000,
4902430751483,"GILLETTE MACH3 RAZOR",,1000.0000,
4902430752299,"GILLETTE AFTER SHAVE",,1000.0000,
4902430752336,"GILLETTE AFTER SHAVE",,1000.0000,
4902430773812,"HEAD AND SHOULDER ANTI-HAIRFALL SHAMPOO",,1000.0000,
4902430773850,"HEAD AND SHOULDER SILKY BLACK SHAMPOO",,1000.0000,
4902430774208,"HEAD AND SHOULDER SMOOTH & SILKY SHAMPOO",,1000.0000,
4902430778206,"GILLETTE FUSION RAZOR",,1000.0000,
4902430785211,"OLD SPICE AFTERSHAVE LOTION MUSK",,1000.0000,
4902430785259,"OLD SPICE AFTERSHAVE LOTION MUSK",,1000.0000,
4902430785372,"OLD SPICE AFTERSHAVE LOTION ORIGINAL",,1000.0000,
4902430787116,"GILLETTE VECTOR BLADES 4 NOS",,1000.0000,
4902430787130,"GILLETTE VECTOR BLADES 6 NOS",,1000.0000,
4902430787154,"GILLETTE VECTOR RAZOR",,1000.0000,
4902430798792,"GILLETTE MACH 3 BLADES 8 NOS",,1000.0000,
4902430798815,"GILLETTE MACH 3 BLADES 12 NOS",,1000.0000,
4902430814829,"PAMPERS MEDIUM",,1000.0000,
4902430818858,"GILLETTE GUARD RAZOR",,1000.0000,
4902430839754,"PRESTO RAZOR",,1000.0000,
4902430857277,"VENUS BREEZE RAZOR GIRLS",,1000.0000,
4902430857611,"VENUS RAZOR GIRLS",,1000.0000,
4902430868266,"PAMPERS SMALL",,1000.0000,
4902430871396,"WHISPER ULTRA CLEAN",,1000.0000,
4902430875110,"TIDE EXTRA POWER",,1000.0000,
4902430890106,"TIDE EXTRA POWER",,1000.0000,
4902430894593,"ARIEL LIQUID MATIC",,1000.0000,
4902430894814,"WHISPER ULTRA NIGHTS XL +",,1000.0000,
4902430894845,"WHISPER ULTRA CLEAN",,1000.0000,
4902430899147,"PANTENE ADVANCE SOLUTION SHAMPOO",,1000.0000,
4902430899215,"PANTENE SILKY SMOOTH CARE",,1000.0000,
4902430900492,"PAMPERS X LARGE",,1000.0000,
4902430908771,"TIDE EXTRA POWER",,1000.0000,
4902430909099,"WHISPER ULTRA NIGHTS XL +",,1000.0000,
4902430909143,"WHISPER MAXI FIT REGULAR",,1000.0000,
4902430909174,"WHISPER MAXI FIT L WINGS",,1000.0000,
4902430918305,"AMBIPUR AIR PURIFIER",,999.0000,
4902430919753,"TIDE EXTRA POWER",,1000.0000,
4902430921817,"GILLETTE MACH 3 BLADES 2 NOS",,1000.0000,
4902430922388,"GILLETTE FUSION BLADE 2NOS",,1000.0000,
4902430922913,"GILLETTE FUSION BLADE 8 NOS",,1000.0000,
4902430930499,"GILLETTE REGULAR SHAVING FOAM",,1000.0000,
4987176025845,"ARIEL FRONT LOAD",,1000.0000,
4987176028709,"ARIEL MATIC FRONT LOAD",,1000.0000,
4987176028716,"ARIEL MATIC TOP LOAD",,1000.0000,
4987176029768,"VENUS RAZOR GIRLS",,1000.0000,
4987176030511,"WHISPER ULTRA SOFT AIR FRESH",,1000.0000,
690225101134,"BASMATI RICE DUBAR",,1000.0000,
690225103626,"BASMATI RICE",,1000.0000,
690225103633,RICE,,1000.0000,
690225106092,"BASMATI RICE MOGRA",,1000.0000,
7011583846,"demo product",,29.0000,
7622201151416,"BOURNVITA POUCH",,1000.0000,
7622201423117,"BOURNVITA BOTTLE",,1000.0000,
7622201423131,"BOURNVITA POUCH",,1000.0000,
7622201423155,"BOURNVITA BOTTLE",,1000.0000,
7622201423193,"BOURNVITA BOTTLE",,1000.0000,
801541040438,"GREEN TEA TULSI GINGER",,1000.0000,
801541070435,"GREEN TEA CLASSIC",,1000.0000,
801541080434,"GREEN TEA JASMINE",,1000.0000,
801541508426,"GREEN TEA POMEGRANATE",,1000.0000,
801541509256,"GREEN TEA EARLY GREY",,1000.0000,
801541509546,"GREEN TEA TULSI JASMINE",,1000.0000,
801541512812,"GREEN TEA GINGER TURMERIC",,1000.0000,
801541514892,"GREEN TEA ASHWAGANDHA",,1000.0000,
801541519286,"GREEN TEA AYUSH KWATH",,1000.0000,
801541605002,"GREEN TEA TULSI SWEET ROSE",,1000.0000,
801541605019,"GREEN TEA TULSI MULETHI",,1000.0000,
801541605033,"GREEN TEA SWEET LEMON TEA",,1000.0000,
808042000022,SUGAR,,1000.0000,
89003565,"AAA BATTERY",,1000.0000,
89005583,"GULAB JAL",,1000.0000,
89005590,"GULABARI GULAB JAL",,1000.0000,
89005606,"GULABARI GULAB JAL",,1000.0000,
89006733,COFFEE,,1000.0000,
89006740,COFFEE,,1000.0000,
89008560,COFFEE,,1000.0000,
8901012116562,"JOHNSONS BABY POWDER",,1000.0000,
8901012116579,"JOHNSONS BABY POWDER",,1000.0000,
8901012116586,"JOHNSONS BABY POWDER",,1000.0000,
8901012116647,"JOHNSONS BABY SOAP",,1000.0000,
8901012116654,"JOHNSONS BABY SOAP",,1000.0000,
8901012116661,"JOHNSONS BABY SOAP",,1000.0000,
8901012116715,"JOHNSONS BABY OIL",,1000.0000,
8901012116722,"JOHNSONS BABY OIL",,1000.0000,
8901012116739,"JOHNSONS BABY OIL",,1000.0000,
8901012116791,"JOHNSONS BABY POWDER",,1000.0000,
8901012116814,"JOHNSONS BABY CREAM",,1000.0000,
8901012116821,"JOHNSONS BABY CREAM",,1000.0000,
8901012116845,"JOHNSONS BABY LOTION",,1000.0000,
8901012116852,"JOHNSONS BABY LOTION",,1000.0000,
8901012116883,"JOHNSONS TOP-TO-TOE BABY BATH",,1000.0000,
8901012116890,"JOHNSONS TOP-TO-TOE BABY BATH",,1000.0000,
8901012116920,"JOHNSONS BABY SHAMPOO",,1000.0000,
8901012116944,"JOHNSONS BABY SHAMPOO",,1000.0000,
8901012116975,"JHONSONS MILK + RICE LOTION",,1000.0000,
8901012117002,"JOHNSONS MILK + RICE BABY CREAM",,1000.0000,
8901012118085,"JOHNSONS BABY HAIR OIL",,1000.0000,
8901012118092,"JOHNSONS BABY HAIR OIL",,1000.0000,
8901012119150,"JOHNSONS BABY WIPES",,1000.0000,
8901012133057,"LISTERINE MOUTH WASH",,1000.0000,
8901012165256,"STAYFREE SECURE 20 PADS",,1000.0000,
8901012165737,"STAYFREE SECURE 20 PADS",,1000.0000,
8901012166482,"STAYFREE ALL NIGHT ULTRA DRY XL 7 PADS",,1000.0000,
8901012166512,"STAYFREE ALL NIGHT ULTRA DRY XL 14 PADS",,1000.0000,
8901012166604,"STAYFREE SECURE 6 PADS",,1000.0000,
8901012166635,"STAYFREE SECURE XL 6 PADS",,1000.0000,
8901012166710,"STAYFREE ALL NIGHT ULTRA DRY XL 42 PADS",,1000.0000,
8901012189184,"CLEAN & CLEAR FOAMING FACE WASH",,1000.0000,
8901012189191,"CLEAN & CLEAR FOAMING FACE WASH",,1000.0000,
8901012189368,"CLEAN & CLEAR MORNING ENERGY FACE WASH",,1000.0000,
8901023004599,"CINTHOL BATH SOAP COOL",,1000.0000,
8901023005800,"EZEE LIQUID WINTER AND CHIFFON",,2000.0000,
8901023005817,"EZEE LIQUID WINTER AND CHIFFON",,1000.0000,
8901023007408,"NO. 1 BATH SOAP",,1000.0000,
8901023008177,"CINTHOL BATH SOAP LIME",,1000.0000,
8901023011368,"FAIRGLOW BATH SOAP",,1000.0000,
8901023011719,"GOODNIGHT LIQUID",,1000.0000,
8901023014222,"PROTEKT HANDWASH BLUE",,1000.0000,
8901023014239,"PROTEKT HANDWASH GREEN",,1000.0000,
8901023014284,"KAKA HIT LIME FRESH",,1000.0000,
8901023014291,"KALA HIT LIME FRESH",,1000.0000,
8901023014512,"AER POCKET BATHROOM FRESHNER",,1000.0000,
8901023019265,"KALA HIT LIME FRESH",,1000.0000,
8901023019524,"AER ROOM FRESHNER",,1000.0000,
8901023019715,"GOODNIGHT MACHINE",,1000.0000,
8901023022012,"EZEE LIQUID 2 IN 1",,1000.0000,
8901030397943,"RED LABEL TEA",,2000.0000,
8901030450358,"RED LABEL TEA",,1000.0000,
8901030450389,"RED LABEL TEA",,2000.0000,
8901030456381,"TAAZA TEA",,1000.0000,
8901030516269,"KNORR HOT & SOUR VEGETABLE SOUP",,1000.0000,
8901030516276,"KNORR MIXED VEGETABLE SOUP",,1000.0000,
8901030516306,"KNORR THICK TOMATO SOUP",,1000.0000,
8901030518584,"REX BAKING POWDER",,1000.0000,
8901030518591,"BROWN & POLSON CORNFLOUR",,2000.0000,
8901030521218,CORNFLOUR,,1000.0000,
8901030534966,"KISSAN MIXED FRUIT JAM",,2000.0000,
8901030535048,"KISSAN MIXED FRUIT JAM",,2000.0000,
8901030535093,"KISSAN MIXED FRUIT JAM",,1000.0000,
8901030551956,"BROWN & POLSON CUSTARD POWDER",,2000.0000,
8901030553868,"LIPTON YELLOW LABEL",,1000.0000,
8901030556807,"SURF EXCEL MATIC FRONT LOAD",,1000.0000,
8901030561603,"TOMATO PUREE",,1000.0000,
8901030569180,"AXE DARK TEMPTATION DEO",,1000.0000,
8901030578205,"RED LABEL TEA NATURAL CARE",,1000.0000,
8901030611209,"AXE TEMPTATION AFTER SHAVE LOTION",,1000.0000,
8901030658754,"TAJ MAHAL TEA",,1000.0000,
8901030658761,"TAJ MAHAL TEA",,1000.0000,
8901030658778,"TAJ MAHAL TEA",,1000.0000,
8901030667756,"KISSAN FRESH TOMATO SAUCE (REFFIL)",,2000.0000,
8901030670183,"VIM BAR COMBO",,1000.0000,
8901030672682,"LIFEBUOY HAND WASH",,1000.0000,
8901030674303,"PEPSODENT GERMICHECK+ TOOTHPASTE",,1000.0000,
8901030674310,"PEPSODENT GERMICHECK+ TOOTHPASTE",,1000.0000,
8901030674570,"RED LABEL TEA",,1000.0000,
8901030676284,"DOVE DEEP PURE FACE WASH",,1000.0000,
8901030677038,"PEPSODENT GUMCARE9+ TOOTHPASTE",,1000.0000,
8901030677069,"PEPSODENT 2 IN 1 TOOTHPASTE",,1000.0000,
8901030682322,"LUX BATH SOAP",,1000.0000,
8901030682339,"LUX BATH SOAP",,1000.0000,
8901030686504,"TAAZA MASALA TEA",,1000.0000,
8901030691386,"SURF EXCEL EASY WASH",,1000.0000,
8901030699085,"KISSAN FRESH TOMATO SAUCE (BOTTLE)",,1000.0000,
8901030700194,"TRESEMME KERATIN SMOOTH SHAMPOO",,1000.0000,
8901030700743,"TRESEMME HAIRFALL DEFENCE SHAMPOO",,1000.0000,
8901030703607,"DOVE DRYNESS CARE SHAMPOO",,1000.0000,
8901030703812,SHAMPOO,,1000.0000,
8901030703829,"DOVE INTENSE REPAIR SHAMPOO",,1000.0000,
8901030704321,"DOVE DAILY SHINE SHAMPOO",,1000.0000,
8901030705885,"TRESEMME SMOOTH & SHINE SHAMPOO",,1000.0000,
8901030705915,"TRESEMME KERATIN SMOOTH SHAMPOO",,1000.0000,
8901030707995,"DOVE DAILY SHINE SHAMPOO",,2000.0000,
8901030710803,"SURF EXCEL MATIC TOP LOAD",,1000.0000,
8901030710810,"SURF EXCEL MATIC FRONT LOAD",,1000.0000,
8901030717048,"VIM BAR",,1000.0000,
8901030717376,"KISSAN FRESH TOMATO SAUCE (REFFIL)",,1000.0000,
8901030724350,"LIRIL BATH SOAP",,1000.0000,
8901030726910,"LIFEBUOY BATH SOAP",,1000.0000,
8901030731976,"FAIR & LOVELY INSTANT GLOW FACE WASH",,1000.0000,
8901030732423,"FAIR & LOVELY",,1000.0000,
8901030732430,"FAIR & LOVELY",,1000.0000,
8901030732874,"LAKME BLUSH GLOW FACE WASH",,1000.0000,
8901030733994,COFFEE,,1000.0000,
8901030734168,"VASELINE PETRO JELLY",,1000.0000,
8901030734182,"VASELINE PETRO JELLY",,1000.0000,
8901030735714,"COMFORT FABRIC CONDITIONER MORNING FRESH (BLUE)",,1000.0000,
8901030735721,"COMFORT FABRIC CONDITIONER ANTI-BACTERIAL (GREEN)",,1000.0000,
8901030735738,"COMFORT FABRIC CONDITIONER LILY FRESH (PINK)",,1000.0000,
8901030736070,"GLOW & LOVELY AYURVEDIC",,1000.0000,
8901030736087,"GLOW & LOVELY AYURVEDIC",,1000.0000,
8901030738333,"SUNSILK BLACK SHINE SHAMPOO",,1000.0000,
8901030739057,"PEPSODENT GERMICHECK+ TOOTHPASTE",,1000.0000,
8901030739576,"FACEWASH WHITE BEAUTY",,1000.0000,
8901030740824,"FAIR & LOVELY BATH SOAP",,1000.0000,
8901030742651,"GLOW & HANDSOME",,1000.0000,
8901030745539,"SUNSILK THICK AND LONG SHAMPOO",,1000.0000,
8901030748066,"CLINIC PLUS SHAMPOO",,1000.0000,
8901030748110,"CLINIC PLUS SHAMPOO",,1000.0000,
8901030752384,"RIN POWDER",,1000.0000,
8901030752902,"LIPTON GREEN LABEL",,1000.0000,
8901030753817,"LAKME ABSOLUTE BRIGHTENING DAY CREAM",,1000.0000,
8901030756047,"KISSAN MIXED FRUIT JAM",,1000.0000,
8901030760587,"VIM LIQUID WASH",,1000.0000,
8901030760648,"VIM LIQUID WASH",,1000.0000,
8901030760655,"VIMLIQUID JAR",,1000.0000,
8901030764356,"DOVE DANDRUFF CARE SHAMPOO",,1000.0000,
8901030765353,KETCHUP,,1000.0000,
8901030767319,"LIFEBUOY HAND WASH",,1000.0000,
8901030767647,"FACEWASH PURE WHITE",,2000.0000,
8901030767654,"PONDS ANTI-POLLUTION FACE WASH",,1000.0000,
8901030770388,"DOVE BATH SOAP",,1000.0000,
8901030771262,"PEARS BATH SOAP",,1000.0000,
8901030771293,"PEARS BATH SOAP SUPER SAVER",,1000.0000,
8901030775901,"SUNSILK THICK AND LONG SHAMPOO",,1000.0000,
8901030777974,"FAIR & LOVELY MENS FACE WASH",,1000.0000,
8901030779299,"LIPTON GREEN TEA",,1000.0000,
8901030783029,COFFEE,,1000.0000,
8901030783678,"SURF EXCEL QUICK WASH",,1000.0000,
8901030786037,"POND'S WHITE BEAUTY",,1000.0000,
8901030786051,"POND'S WHITE BEAUTY",,1000.0000,
8901030788055,"CLOSEUP EVERFRESH+",,2000.0000,
8901030788062,"CLOSEUP EVERFRESH+ PACK OF 2",,1000.0000,
8901030788277,"CLOSEUP EVERFRESH+",,1000.0000,
8901030788307,"AXE SHAVING CREAM  COMBO",,1000.0000,
8901030789083,"CLINIC PLUS SHAMPOO",,1000.0000,
8901030789359,"SUNSILK BLACK SHINE SHAMPOO",,1000.0000,
8901030790751,"LAKME ABSOLUTE BRIGHTENING DAY CREAM",,1000.0000,
8901030793073,"LUX 4+1 SOAP",,1000.0000,
8901030793387,"LUX 4+1 SOAP",,1000.0000,
8901030794131,"FACEWASH WHITE BEAUTY",,2000.0000,
8901030794148,"PONDS WHITE BEAUTY FACE WASH",,1000.0000,
8901030794193,KETCHUP,,1000.0000,
8901030795589,"DOVE BATH SOAP",,1000.0000,
8901030795664,"SURF EXCEL QUICK WASH",,1000.0000,
8901030807299,"SURF EXCEL EASY WASH",,1000.0000,
8901030810244,"LIFEBUOY SANITIZER",,1000.0000,
8901030812897,"HORLICK CHOCOLATE",,1000.0000,
8901030812972,"VIM BAR",,1000.0000,
8901030813405,"LIFEBUOY SANITIZER",,1000.0000,
8901030815409,"LIFEBUOY HAND WASH",,1000.0000,
8901030816611,"SURF EXCEL MATIC TOP LOAD",,1000.0000,
8901030820045,"HORLICKS JUNIOR",,1000.0000,
8901030821394,"FAIR & LOVELY INSTANT GLOW FACE WASH",,1000.0000,
8901030821516,"GLOW & LOVELY ORIGINAL",,1000.0000,
8901030821523,"GLOW & LOVELY ORIGINAL",,1000.0000,
8901030821530,"GLOW & LOVELY ORIGINAL",,1000.0000,
8901030822162,"GLOW & HANDSOME",,1000.0000,
8901042954714,"SAMBHAR POWDER",,1000.0000,
8901042957074,"RAVA IDLI",,1000.0000,
8901042957968,DOSA,,1000.0000,
8901042968223,UPMA,,1000.0000,
8901052000807,"TATA GOLD TEA",,1000.0000,
8901052000913,"TATA GOLD TEA",,1000.0000,
8901052004539,"TATA PREMIUM TEA",,1000.0000,
8901052004584,"TATA PREMIUM TEA",,1000.0000,
8901052010615,"TATA PREMIUM TEA",,1000.0000,
8901058101577,"MAGGI RICH TOMATO SAUCE",,1000.0000,
8901058101614,"MAGGI HOT & SWEET SAUCE",,1000.0000,
8901058107487,"MAGGI RICH TOMATO SAUCE",,1000.0000,
8901058117783,"MAGGI HOT & SWEET SAUCE",,1000.0000,
8901058826784,COFFEE,,1000.0000,
8901058851311,"MAAGIE MASALA 4 PACK",,1000.0000,
8901058851328,"MAAGIE MASALA 6 PACK",,1000.0000,
8901058856163,"NESTLE LACTOGEN 2 BABY FOOD",,1000.0000,
8901058859744,"NESTLE NAN PRO 4 BABY FOOD",,1000.0000,
8901058859768,"NESTLE NAN PRO 2 BABY FOOD",,1000.0000,
8901058859775,"NESTLE NAN PRO 1 BABY FOOD",,1000.0000,
8901058865073,"NESTLE LACTOGEN 3 BABY FOOD",,1000.0000,
8901058865318,"NESTLE LACTOGEN 1 BABY FOOD",,1000.0000,
8901058865776,"CERELAC RICE BABY FOOD",,1000.0000,
8901058866711,"MAGGIE ATTA",,1000.0000,
8901058867466,"CERELAC WHEAT APPLE  BABY FOOD",,1000.0000,
8901058867503,"CERELAC WHEAT APPLE CHERRY BABY FOOD",,1000.0000,
8901058867541,"CERELAC WHEAT-RICE MIXED FRUIT BABY FOOD",,1000.0000,
8901058867589,"CERELAC MULTRIGRAIN DAL BABY FOOD",,1000.0000,
8901058867596,"CERELAC MULTRIGRAIN FRUIT BABY FOOD",,1000.0000,
8901058867688,"CERELAC MULTRIGRAIN CEREAL MILK & FRUIT BABY FOOD",,1000.0000,
8901063016699,50-50,,998.0000,
8901063023901,"MARI GOLD",,1000.0000,
8901063092402,"GOOD DAY",,1000.0000,
8901063139213,BOURBON,,1000.0000,
8901063142015,"NUTRI CHOICE",,1000.0000,
8901088002851,"REVIVE INSTANT STARCH",,1000.0000,
8901088017381,"REFINED GOLD",,1000.0000,
8901088057097,"REVIVE LIQUID STIFFENER",,1000.0000,
8901088068734,"MASALA OATS",,1000.0000,
8901088068758,"MASALA OATS",,1000.0000,
8901088129800,"MASALA OATS",,1000.0000,
8901088129817,"MASALA OATS",,1000.0000,
8901088702522,"REVIVE INSTANT STARCH",,1000.0000,
8901120141012,"EVERYUTH WALNUT SCRUB",,1000.0000,
8901120141029,"EVERYUTH WALNUT SCRUB",,1000.0000,
8901131721722,CORNFLAKES,,1000.0000,
8901138511449,"HIMALAYA GENTLE BABY SHAMPOO",,1000.0000,
8901138511456,"HIMALAYA GENTLE BABY SHAMPOO",,1000.0000,
8901138511463,"HIMALAYA GENTLE BABY LOTION",,1000.0000,
8901138511470,"HIMALAYA GENTLE BABY LOTION",,1000.0000,
8901138511487,"HIMALAYA BABY CREAM",,1000.0000,
8901138511494,"HIMALAYA BABY CREAM",,1000.0000,
8901138511739,"HIMALAYA GENTLE BABY MASSAGE OIL",,1000.0000,
8901138511814,"HIMALAYA GENTLE BABY POWDER",,1000.0000,
8901138511838,"HIMALAYA GENTLE BABY SOAP",,1000.0000,
8901138512187,"HIMALAYA NEEM FACE WASH",,1000.0000,
8901138512408,"HIMALAYA GENTLE BABY MASSAGE OIL",,1000.0000,
8901138512460,"HIMALAYA NEEM FACE WASH",,1000.0000,
8901138512576,"HIMALAYA GENTLE BABY SHAMPOO",,1000.0000,
8901138512606,"HIMALAYA GENTLE BABY SOAP",,1000.0000,
8901138512903,"HIMALAYA GENTLE BABY WASH",,1000.0000,
8901138513153,"HIMALAYA GENTLE BABY POWDER",,1000.0000,
8901138513184,"HIMALAYA GENTLE BABY WIPES",,1000.0000,
8901138815936,"HIMALAYA ANIT-HAIR FALL SHAMPOO",,1000.0000,
8901138815943,"HIMALAYA ANIT-HAIR FALL SHAMPOO",,1000.0000,
8901138822477,"HIMALAYA NEEM FACE WASH",,1000.0000,
8901138824037,"HIMALAYA GENTLE BABY POWDER",,1000.0000,
8901138836078,"HIMALYA SENSITIVE TOOTHPASTE",,1000.0000,
8901138836092,"HIMALYA COMPLETE CARE TOOTHPASTE",,1000.0000,
8901138836108,"HIMALYA COMPLETE CARE TOOTHPASTE",,1000.0000,
8901138836115,"HIMALYA SPARKLING WHITE TOOTHPASTE",,1000.0000,
8901138836122,"HIMALYA SPARKLING WHITE TOOTHPASTE",,1000.0000,
8901138844745,"HANDWASH REFILL",,1000.0000,
8901157004342,"GOODNIGHT ACTIVE COIL",,1000.0000,
8901157025071,"LAL HIT",,1000.0000,
8901157025170,"KALA HIT",,1000.0000,
8901157025194,"LAL HIT",,1000.0000,
8901157025200,"LAL HIT",,1000.0000,
8901157045093,"AER ROOM FRESHNER",,1000.0000,
8901157045109,"AER ROOM FRESHNER",,1000.0000,
8901177003530,"DERMI COOL POWDER + Dettol SOAP",,1000.0000,
8901177100352,"MOOV PAIN RELIEF SPRAY",,1000.0000,
8901177100857,"MOOV PAIN RELIEF BALM",,1000.0000,
8901207001635,"CHAWANPRASH SUGARFREE",,1000.0000,
8901207005374,HONEY,,2000.0000,
8901207005671,"CHAWANPRASH SUGARFREE",,1000.0000,
8901207025365,HONEY,,2000.0000,
8901207025372,HONEY,,2000.0000,
8901207025389,HONEY,,998.0000,
8901207026553,"HONEY SQUEEZY",,1000.0000,
8901207027253,"DABUR RED TOOTHPASTE",,1000.0000,
8901207027321,"DABUR RED TOOTHPASTE",,1000.0000,
8901207029875,"BATHROOM FRESHENER",,1000.0000,
8901207033377,"DABUR MESWAK TOOTHPASTE",,1000.0000,
8901207500046,"ODOMOS MOSQUITO REPELLENT",,1000.0000,
8901207500053,"ODOMOS MOSQUITO REPELLENT",,1000.0000,
8901207900631,CHAWANPRASH,,2000.0000,
8901207900648,CHAWANPRASH,,1000.0000,
8901207900839,HAJMOLA,,1000.0000,
8901216406285,"KAMASUTRA LONGLAST CONDOMS",,1000.0000,
8901216406308,"KAMASUTRA INTENSITY CONDOMS",,1000.0000,
8901216406346,"KAMASUTRA DOTTED CONDOMS",,1000.0000,
8901216406353,"KAMASUTRA RIBBED CONDOMS",,1000.0000,
8901216406650,"KAMASUTRA BUTTERSCOTCH CONDOMS",,1000.0000,
8901216406667,"KAMASUTRA VANILLA CONDOMS",,1000.0000,
8901216406674,"KAMASUTRA COFFEE CONDOMS",,1000.0000,
8901216406681,"KAMASUTRA BANANA CONDOMS",,1000.0000,
8901216406865,"KAMASUTRA DOTT MAX CONDOMS",,1000.0000,
8901216406902,"KAMASUTRA ORANGE CONDOMS",,1000.0000,
8901216406940,"KAMASUTRA PINEAPPLE CONDOMS",,1000.0000,
8901216406964,"KAMASUTRA VARIETY PACK CONDOMS",,1000.0000,
8901216713017,"KAMASUTRA SPARK DEO",,999.0000,
8901233036625,"5 STAR CHOCLATE",,999.0000,
8901242114406,VERMICELLI,,1000.0000,
8901246002167,"OLIVE OIL",,1000.0000,
8901248101103,"BOROPLUS ANITSEPTIC CREAM",,1000.0000,
8901248101110,"BOROPLUS ANITSEPTIC CREAM",,1000.0000,
8901248101424,"BOROPLUS ANITSEPTIC CREAM",,1000.0000,
8901248101431,"BOROPLUS ANITSEPTIC CREAM",,1000.0000,
8901248121330,"NAVRATAN COOL BLAST POWDER",,1000.0000,
8901248701105,"ZANDU PAIN RELIEF BALM",,1000.0000,
8901248701112,"ZANDU BALM",,1000.0000,
8901248701129,"ZANDU ULTRA POWER PAIN RELIEF",,1000.0000,
8901255000185,"AA BATTERY",,1000.0000,
8901262030700,GHEE,,1000.0000,
8901262080019,"AMULSPRAY INFANT FOOD",,1000.0000,
8901262151573,"FLAVOURED MILK ELAICHI",,1000.0000,
8901277012685,"BEER SHAMPOO DAMAGE FREE",,1000.0000,
8901277016393,"PARK AVENUE AFTER SHAVE LOTION",,1000.0000,
8901277016997,"PARK AVENUE VOYAGE DEO",,1000.0000,
8901314006172,"PALMOLIVE LIQUID HAND WASH",,999.0000,
8901314009081,"COLGATE ACTIVE SALT TOOTHPASTE",,1000.0000,
8901314009319,"COLGATE ACTIVE SALT NEEM TOOTHPASTE",,1000.0000,
8901314009586,"COLGATE ACTIVE SALT TOOTHPASTE",,1000.0000,
8901314010025,BOURNVITA,,3000.0000,
8901314010131,"COLGATE TOOTHPASTE 200+100+BRUSH",,1000.0000,
8901314010520,"COLGATE AMINO SHAKTI TOOTHPASTE",,3000.0000,
8901314011664,"ZIG-ZAG BRUSH",,1000.0000,
8901314022660,"COLGATE KIDS TOOTHPASTE",,1000.0000,
8901314077790,"COLGATE VISIBLE WHITE TOOTHPASTE",,1000.0000,
8901314077998,"COLGATE PLAX MOUTH WASH",,1000.0000,
8901314081018,"COLGATE CIBACA TOOTHPASTE",,1000.0000,
8901314308085,"COLGATE SWARNA VEDSHAKTI TOOTHPASTE",,1000.0000,
8901314308108,"COLGATE MAXFRESH SPICY FRESH TOOTHPASTE",,1000.0000,
8901314309914,"COLGATE MAXFRESH SPICY FRESH TOOTHPASTE",,1000.0000,
8901314309921,"COLGATE MAXFRESH PEPPERMINT TOOTHPASTE",,1000.0000,
8901314310033,"COLGATE HERBAL TOOTHPASTE",,1000.0000,
8901314311948,"COLGATE CIBACA VEDSHAKTI TOOTHPASTE",,1000.0000,
8901314312822,"COLGATE CHARCOAL CLEAN TOOTHPASTE",,1000.0000,
8901314524010,"COLGATE MAXFRESH PEPPERMINT TOOTHPASTE",,1000.0000,
8901314543172,"COLGATE TOOTHPASTE JUMBO",,1000.0000,
8901361302456,"SCOTCH BRITE",,1000.0000,
8901396040309,"VANISH POWDER",,1000.0000,
8901396040408,"VANISH POWDER",,1000.0000,
8901396040606,"VANISH LIQUID",,1000.0000,
8901396040705,"VANISH LIQUID",,1000.0000,
8901396051008,"SHOW POLISH BLACK",,1000.0000,
8901396053002,"SHOW POLISH DARK TAN",,1000.0000,
8901396055006,"SHOE POLISH LIQUID BLACK",,1000.0000,
8901396056003,"SHOE POLISH LIQUID DARK TAN",,1000.0000,
8901396117001,"LIZOL SURFACE CLEANER",,1000.0000,
8901396117407,"LIZOL SURFACE CLEANER",,1000.0000,
8901396140009,"LIZOL SURFACE CLEANER",,1000.0000,
8901396151005,"HARPIC TOILET CLEANER",,1000.0000,
8901396153009,"HARPIC WHITE & SHINE",,1000.0000,
8901396153306,"HARPIC BATHROOM CLEANER",,1000.0000,
8901396173502,"HARPIC TOILET CLEANER",,1000.0000,
8901396321606,"VEET HAIR REMOVAL CREAM",,1000.0000,
8901396324584,"DETTOL LIQUID HAND WASH",,1000.0000,
8901396341604,"VEET FULL BODY WAXING KIT",,1000.0000,
8901396342106,"VEET HALF BODY WAXING KIT",,1000.0000,
8901396343905,"VEET HAIR REMOVAL CREAM NIKHAAR",,1000.0000,
8901396348702,"DETTOL DISINFECTANT LIQUID",,1000.0000,
8901396350200,"DETTOL ANTISEPTIC LIQUID",,1000.0000,
8901396387183,HANDWASH,,1000.0000,
8901396387329,DETTOL,,1000.0000,
8901396387701,"DETTOL LIQUID HAND WASH",,1000.0000,
8901396397632,"DETTOL BATH SOAP",,1000.0000,
8901396399629,"DETTOL BATH SOAP",,1000.0000,
8901396465003,COLIN,,1000.0000,
8901396476009,COLIN,,1000.0000,
8901396506003,"MORTIEN POWER COIL",,1000.0000,
8901396528302,"MOTTEIN LIQUID",,1000.0000,
8901399005305,"SANTOOR BATH SOAP",,1000.0000,
8901450003257,"DANVER PRIDE DEO",,1000.0000,
8901450003349,"DENVER BLACKCODE DEO",,1000.0000,
8901450007286,"DANVER IMPERIAL DEO",,999.0000,
8901453000024,ROO-A-AFZA,,1000.0000,
8901491000208,DORITOS,,1000.0000,
8901491101820,"RED LAYS",,1000.0000,
8901491101844,"BLUE LAYS",,1000.0000,
8901491361026,KURKURE,,1000.0000,
8901491410106,"UNCLE CHIPS",,1000.0000,
8901491503020,"BLUE LAYS",,1000.0000,
8901491503044,"RED LAYS",,1000.0000,
8901491981552,"CHILE LEMON GREEN LAYS",,1000.0000,
8901499007957,CHOCOS,,1000.0000,
8901499007964,CHOCOS,,2000.0000,
8901499007971,CHOCOS,,1000.0000,
8901499008183,"CORNFLAKES ORIGINAL",,2000.0000,
8901499008190,"CORNFLAKES ORIGINAL",,1000.0000,
8901499008213,"CORNFLAKES ALL BRAN WHEAT FLAKES",,1000.0000,
8901499008459,"CORNFLAKES SPECIAL K",,1000.0000,
8901499010445,"MUESLI FRUIT MAGIC 22%",,1000.0000,
8901499010452,"MUESLI FRUIT & NUT 21%",,1000.0000,
8901499010469,"MUESLI NUT DELIGHT 20%",,1000.0000,
8901512103505,"REFINED SUNFLOWER OIL PACK OF 2",,1000.0000,
8901512506306,"MICROWAVE BUTTER",,1000.0000,
8901512506405,"MICROWAVE BUTTER LOVER",,1000.0000,
8901512507204,"CHEEDAR CHEESE",,1000.0000,
8901512507600,"MICROWAVE BUTTER",,1000.0000,
8901512507709,"MICROWAVE ORIGINAL",,1000.0000,
8901512540102,"CLASSIC SALTED COMBO",,1000.0000,
8901512540508,"BUTTER PEPPER",,1000.0000,
8901512541901,"BUTTER DELIGHT",,1000.0000,
8901512546104,"XTREME BUTTER",,1000.0000,
8901512548405,"CLASSIC SALTED",,1000.0000,
8901512548504,"GOLDEN SIZZLE",,1000.0000,
8901512556301,"MOVIE THEATRE BUTTER",,1000.0000,
8901512562203,"CHEESE 2+1 FREE",,1000.0000,
8901512562906,"CARAMEL BLISS",,1000.0000,
8901512564306,"CLASSIC SALTED",,1000.0000,
8901512564405,"GOLDEN SIZZLE",,1000.0000,
8901524000212,BESAN,,1000.0000,
8901524000366,"ROSTED DALIYA",,1000.0000,
8901524000410,MAIDA,,1000.0000,
8901524001110,SOOJI,,1000.0000,
8901524001318,POHA,,1000.0000,
8901526101498,"L'OREAL TOTAL REPAIR SHAMPOO",,1000.0000,
8901526101504,"L'OREAL TOTAL REPAIR SHAMPOO",,1000.0000,
8901526201877,"GARNIER LONG & STRONG SHAMPOO",,1000.0000,
8901526204236,"GARNIER LIGHT FAIRNESS FACE WASH",,1000.0000,
8901526205240,"GARNIER LONG & STRONG CONDITIONER",,1000.0000,
8901526205561,"GARNIER OIL CLEAR DEEP CLEANSING FACE WASH",,1000.0000,
8901526205578,"GARNIER OIL CLEAR DEEP CLEANSING FACE WASH",,1000.0000,
8901526207473,"GARNIER PURE ACTIVE PURE NEEM FACE WASH",,1000.0000,
8901526207480,"GARNIER PURE ACTIVE PURE NEEM FACE WASH",,1000.0000,
8901526209620,"GARNIER ACNO FIGHT ANTI-PIMPLE FACE WASH",,1000.0000,
8901526553419,"GARNIER LIGHT COMPLETE SERUM",,1000.0000,
8901526553426,"GARNIER LIGHT COMPLETE",,1000.0000,
8901526573851,"GARNIER POWER WHITE ANTI-DARK CELLS FACE WASH",,1000.0000,
8901526574001,"GARNIER POWER WHITE ANTI-POLLUTION FACE WASH",,1000.0000,
8901526574025,"GARNIER ACNO FIGHT ANTI-PIMPLE FACE WASH",,1000.0000,
8901531300015,"BOROLINE ANTISEPTIC CREAM",,1000.0000,
8901531300022,"BOROLINE NIGHT REPAIR CREAM",,1000.0000,
8901537006010,"ROZANA BASMATI RICE",,1000.0000,
8901542000065,"COMPLAN KESAR BADAM TETRA",,1000.0000,
8901542000928,"COMPLAN CHOCOLATE TETRA",,1000.0000,
8901542001932,"COMPLAN BOTTLE",,1000.0000,
8901548146767,"EVERYUTH TUSLI TURMERIC FACE WASH",,1000.0000,
8901548147191,"EVERYOUTH GOLDEN GLOW PEEL OFF MASK",,1000.0000,
8901571000043,BOOST,,1000.0000,
8901571001033,"ENO LEMON FLAVOUR (BOTTLE)",,1000.0000,
8901571001354,"HORLICKS CLASSIC MALT BOTTLE",,2000.0000,
8901571001361,"HORLICKS CLASSIC MALT BOTTLE",,1000.0000,
8901571001989,"HORLICKS MOTHER'S",,1000.0000,
8901571001996,"HORLICKS CLASSIC MALT TETRA",,1000.0000,
8901571004096,"SENSODYNE FRESH MINT TOOTHPASTE",,1000.0000,
8901571004614,"SENSODYNE FRESH GEL TOOTHPASTE",,1000.0000,
8901571004829,"SENSODYNE RAPID RELIEF TOOTHPASTE",,1000.0000,
8901571006854,"ENO LEMON FLAVOUR (SACHET)",,1000.0000,
8901595851218,"VEG HAKKA NOODLES",,1000.0000,
8901612000537,"DHAMPUR GREEN SUGAR",,1000.0000,
8901719111440,MONACO,,1000.0000,
8901719111464,MONACO,,1000.0000,
8901719112393,PARLE-G,,1000.0000,
8901725111533,"ATTA MULTIGRAIN 5KGS",,1000.0000,
8901725121228,"ATTA SELECT 5KGS",,1000.0000,
8901725937386,"VIVEL BATH SOAP",,1000.0000,
8901725971540,"SAVLON HANDWASH",,1000.0000,
8901725973131,"SAVLON ANTISEPTIC DISINFECTANT LIQUID",,1000.0000,
8901725973148,"SAVLON ANTISEPTIC DISINFECTANT LIQUID",,1000.0000,
8901725977146,"SAVLON BATH SOAP",,1000.0000,
8901764012808,"COKE 1.25L",,1000.0000,
8901764032271,SPRITE,,1000.0000,
8901764032912,"SPRITE 250ML",,1000.0000,
8901764042270,"THUMS UP",,1000.0000,
8901764052804,"LIMCA 1.25L",,1000.0000,
8901764061257,"DIET COKE",,1000.0000,
8901764211256,"GINGER ALE",,1000.0000,
8901764241253,"TONIC WATER",,1000.0000,
8901764362804,"PULPY ORANGE",,1000.0000,
8901786130504,"SABJI MASALA",,1000.0000,
8901786131006,"SABJI MASALA",,1000.0000,
8902080104024,PEPSI,,1000.0000,
8902080334179,NIMBOOZ,,1000.0000,
8902080364565,"MOUNTAIN DEW 1.25L",,1000.0000,
8902102160717,"PRIL GREASE FIGHTER",,1000.0000,
8902102199427,"EXO DISH WASHER",,1000.0000,
8902102230854,"MARGO BATH SOAP",,1000.0000,
8902167000010,"JAL JEERA",,1000.0000,
8902167000034,"DEGI MIRCH",,1004.0000,
8902167000065,"CHUNKY CHAAT",,1000.0000,
8902167000089,"CHANNA MASALA",,999.0000,
8902167000102,"KITCHEN KING",,1000.0000,
8902167000126,"GARAM MASALA",,1004.0000,
8902167000140,"MEAT KA MASALA",,1000.0000,
8902167000164,"KASTURI METHI",,1000.0000,
8902167000218,"CHICKEN MASALA",,1000.0000,
8902167000256,"PAV BHAJI",,1000.0000,
8902167000270,"SAMBHAR MASALA",,1000.0000,
8902167000300,"AMCHUR POWDER",,1000.0000,
8902167000355,"RAITA MASALA",,1000.0000,
8902167000492,"KALI MIRCH",,1000.0000,
8902167000782,"GARAM MASALA",,1000.0000,
8902167000829,"MEAT MASALA",,1003.0000,
8902167001048,"SHAHI PANEER",,1000.0000,
8902167004384,"LAL MIRCHI",,1000.0000,
8902188811015,HING,,1000.0000,
8902195070627,"DHAMPUR SUGAR",,1000.0000,
8902393565888,"ANNE FRENCH HAIR REMOVER ROSE",,1000.0000,
8902393565925,"ANNE FRENCH HAIR REMOVER LEMON",,1000.0000,
8902579000004,"APPY FIZZ",,1000.0000,
8902579000233,FROOTI,,1000.0000,
8902710100068,"WHITE OATS",,1000.0000,
8902710205206,"CORN FLAKES",,1000.0000,
8902710205213,"WHEAT FLAKES",,1000.0000,
8902710500691,"MIX FRUIT MUESLI",,1000.0000,
8902710501513,"PROTEIN MUESLI",,1000.0000,
8902710508666,"NAS CR. MUESLI",,2000.0000,
8902710510010,"HEALTHY CRUNCH",,1000.0000,
8902710510034,"CM CRANBERRIES",,1000.0000,
8902710510102,"QUINOA ORGANIC",,1000.0000,
8903622000750,"MAMY POKO PANTS NEW BORN",,1000.0000,
8903622000811,"MAMY POKO PANTS SMALL",,1000.0000,
8903622000880,"MAMY POKO PANTS MEDIUM",,1000.0000,
8903622000934,"MAMY POKO PANTS LARGE",,1000.0000,
8903622035233,"MAMY POKO PANTS LARGE",,1000.0000,
8903622037336,"MAMY POKO PANTS LARGE",,1000.0000,
8904006301166,"WILD STONE ULTRA SENSUAL DEO",,1000.0000,
8904006302460,"WILD STONE LEGEND DEO",,1000.0000,
8904006302750,"WILD STONE FOREST SPICE DEO",,1000.0000,
8904018301673,"MEDIMIX BATH SOAP",,1000.0000,
8904018301680,"MEDIMIX BATH SOAP",,1000.0000,
8904043901015,SALT,,1000.0000,
8904043901657,LOBIYA,,1000.0000,
8904043926124,"URAD DHULI",,1000.0000,
8904043926155,"URAD SABUT",,1000.0000,
8904043926179,"KALI MASOOR SABUT",,1000.0000,
8904043926308,"KALA CHANA",,1000.0000,
8904043926322,"MOONG DHULI",,1000.0000,
8904043926421,"MOONG SABUT",,1000.0000,
8904043926520,"MOONG CHILKA",,1000.0000,
8904043926582,"MASOOR DAL WHOLE",,1000.0000,
8904043926612,"ROCK SALT",,1000.0000,
8904043926629,"CHANA DAL",,1000.0000,
8904043926643,"CHANA DAL",,1000.0000,
8904043926650,"MASOOR DAL MALKA",,1000.0000,
8904043926667,"MASOOR DAL MALKA",,1000.0000,
8904043926681,RAJMA,,1000.0000,
8904043926698,"KABULI CHANA",,1000.0000,
8904043926704,"KABULI CHANA",,1000.0000,
8904043927152,"CHILLI POWDER",,1000.0000,
8904043927176,"TURMERIC POWDER",,1000.0000,
8904043927190,"CORRIANDER POWDER",,1000.0000,
8904043927213,"TURMERIC POWDER",,1000.0000,
8904043927220,"CHILLI POWDER",,1000.0000,
8904043927299,"CORRIANDER POWDER",,1000.0000,
8904043927305,"KASURI METHI",,1000.0000,
8904063200020,ALL-IN-ONE,,1000.0000,
8904063200051,BHUJIA,,1000.0000,
8904063200464,BOONDI,,1000.0000,
8904063251046,PAPAD,,1000.0000,
8904063253842,"SALTED PEANUT",,1000.0000,
8904109400575,"SAUNDARYA FACE WASH",,1000.0000,
8904109400636,"ALOE VERA GEL",,999.0000,
8904109400643,"ALOE VERA GEL",,1000.0000,
8904109449215,HONEY,,1000.0000,
8904109449222,HONEY,,1000.0000,
8904109449239,HONEY,,1000.0000,
8904109450112,"DANT KANTI NATURAL TOOTHPASTE",,1000.0000,
8904109450327,"DANT KANTI NATURAL TOOTHPASTE",,1000.0000,
8904109450426,"SAUNDARYA FACE WASH",,1000.0000,
8904109450495,"KESH KANTI REETHA SHAMPOO",,1000.0000,
8904109451522,"DANT KANTI NATURAL TOOTHPASTE COMBO",,1000.0000,
8904109451560,"DANT KANTI DENTAL CREAM",,1000.0000,
8904109463105,"KESH KANTI HAIR OIL",,1000.0000,
8904109464683,"KESH KANTI NATURAL SHAMPOO",,1000.0000,
8904109490538,"DESI GHEE",,1000.0000,
8904124107961,"FLAVOURED MILK ELAICHI",,1000.0000,
8904124107978,"FLAVOURED MILK BUTTERSCOTCH",,1000.0000,
8904124108005,"FLAVOURED MILK KESAR",,1000.0000,
8904145911820,"PEDIASURE VANILLA DELIGHT HEALTH FOOD",,1000.0000,
8904145911844,"PEDIASURE VANILLA DELIGHT HEALTH FOOD",,1000.0000,
8904145911875,"PEDIASURE VANILLA DELIGHT HEALTH FOOD",,1000.0000,
8904145911905,"PEDIASURE CHOCOLATE HEALTH FOOD",,1000.0000,
8904145911929,"PEDIASURE CHOCOLATE HEALTH FOOD",,1000.0000,
8904145911950,"PEDIASURE CHOCOLATE HEALTH FOOD",,1000.0000,
8904271200294,"BAYGON MOSQUITO KILLER",,1000.0000,
8904271200317,"BAYGON MOSQUITO KILLER",,1000.0000,
8904288601213,"TOPS SNACKS SAUCE",,1000.0000,
8904288601220,"TOPS SNACKS SAUCE",,1000.0000,
8904288601275,"TOPS PREMIUM VINEGAR",,1000.0000,
8904288601367,"TOPS GREEN CHILLI SAUCE",,1000.0000,
8904288601374,"TOPS GREEN CHILLI SAUCE",,1000.0000,
8904288601428,"TOPS SOYA SAUCE",,1000.0000,
8904288601435,"TOPS SOYA SAUCE",,1000.0000,
8904288611373,"TOPS MANGO PICKLE",,1000.0000,
8904288611380,"TOPS MIXED PICKLE",,1000.0000,
8904288611403,"TOPS GREEN CHILLI PICKLE",,1000.0000,
8904288621112,"TOPS VANILLA CUSTARD POWDER",,1000.0000,
8904288627060,"TOPS PLAIN NOODLES",,1000.0000,
8906004970016,"DESI GHEE",,1000.0000,
8906004970023,"DESI GHEE",,2000.0000,
8906006332683,"VANASPATI GHEE",,1000.0000,
8906006430662,"ALLOUT LIQUID",,999.0000,
8906006435773,"ALLOUT MACHINE",,999.0000,
8906007280037,"SOYA OIL 1LTRS",,1000.0000,
8906007280242,"SUNFLOWER OIL 1LTRS",,1000.0000,
8906007280969,"MUSTARD OIL 1LTRS",,1000.0000,
8906009300504,"TENDER COCONUT WATER TETRA",,1000.0000,
8906009300603,"TENDER COCONUT WATER",,1000.0000,
8906009590455,"JUMBO BASMATI RICE",,1000.0000,
8906010080433,"VI-JOHN SHAVING CREAM",,1000.0000,
8906017290026,"MINERAL WATER",,2000.0000,
8906017290040,"BISLERI 1L",,1000.0000,
8906032010999,TOOTHPASTE,,2000.0000,
8906032011019,"SOYA MINI CHUNKS",,2000.0000,
8906032016571,TOOTHPASTE,,2000.0000,
8906048500361,"PROTINEX ORIGINAL HEALTH FOOD",,1000.0000,
8906048500651,"PROTINEX CHOCOLATE HEALTH FOOD",,1000.0000,
8906048500668,"PROTINEX CHOCOLATE HEALTH FOOD",,1000.0000,
8906048500835,"PROTINEX ORIGINAL HEALTH FOOD",,1000.0000,
8906048501436,"PROTINEX VANILLA HEALTH FOOD",,1000.0000,
8906048501450,"PROTINEX VANILLA HEALTH FOOD",,1000.0000,
8906069400527,"THOUSAND ISLAND",,1000.0000,
8906069400619,"WHITE PASTA DRESSING",,1000.0000,
8906069402644,"EGGLESS MAYONESE",,1000.0000,
8906069402668,"PASTA & PIZZA",,1000.0000,
8906069402699,"CARROTS & CUCUMBERS",,1000.0000,
8906083860031,"ALUMINIUM FOIL BLUE",,1000.0000,
8906083860062,"ALUMINIUM FOIL RED",,1000.0000,
8906083860109,"ALUMINIUM FOIL RED",,999.0000,
8906083860116,"ALUMINIUM FOIL GREEN",,1000.0000,
8906083862547,"TISSUE PAPER 2 PLY",,1000.0000,
8906083863087,"TOILET ROLL 3 PLY",,1000.0000,
8906114180299,"COCO POWDER",,1000.0000,
8906128400000,AJWAIN,,1000.0000,
8906128400239,"DAL CHINI",,1000.0000,
8906128400260,"DHANIYA SABUT",,1000.0000,
8906128400567,CLOVES,,1000.0000,
8906128400994,SHAKKAR,,1000.0000,
8907250212035,"TOILET ROLL 2 PLY",,1000.0000,
8907250322017,"TISSUE PAPER 1 PLY",,1000.0000,
8908001158244,"FOGG NAPOLEON DEO",,1000.0000,
8908001158312,"FOGG ROYAL DEO",,1000.0000,
8908001158480,"FOGG IMPERIAL DEO",,1000.0000,
8908003634029,"GAINDA PHENYL BLACK",,1000.0000,
8908004804087,SODA,,1000.0000,
8908004804339,"BLACK CURRENT SODA",,1000.0000,
8908008172045,"CLEANZO WHITE PHENYL",,1000.0000,
8908012605003,"HEINZ TOMATO KETCHUP",,1000.0000,
8908012605010,"HEINZ TOMATO KETCHUP",,1000.0000,
90162602,"ENERGY DRINK",,1000.0000,
