Name,Code,Barcode Symbology,Brand,Category Code,Unit Code,Sale Unit Code, Purchase Unit Code,Cost,Price,Alert Quantity, Tax Rate Name,Tax Method,Image,Subcategory Code,Product Variants Separated by |,Custom Field 1,Custom Field 2,Custom Field 3,Custom Field 4,Custom Field 5,Custom Field 6,HSN Code,Secondary Name,Supplier Name,Supplier Part No,Supplier Price
NIMBOOZ,,8902080334179,7UP,,,,,, 20.00 ,,,,,,,,,,,,,,,,,
PEDIASURE VANILLA DELIGHT HEALTH FOOD,,8904145911844,ABBOTT,,,,,, 580.00 ,,,,,,,,,,,,,,,,,
PEDIASURE CHOCOLATE HEALTH FOOD,,8904145911929,ABBOTT,,,,,, 580.00 ,,,,,,,,,,,,,,,,,
PEDIASURE VANILLA DELIGHT HEALTH FOOD,,8904145911875,ABBOTT,,,,,," 1,240.00 ",,,,,,,,,,,,,,,,,
PEDIASURE CHOCOLATE HEALTH FOOD,,8904145911950,ABBOTT,,,,,," 1,240.00 ",,,,,,,,,,,,,,,,,
PEDIASURE VANILLA DELIGHT HEALTH FOOD,,8904145911820,ABBOTT,,,,,, 315.00 ,,,,,,,,,,,,,,,,,
PEDIASURE CHOCOLATE HEALTH FOOD,,8904145911905,ABBOTT,,,,,, 315.00 ,,,,,,,,,,,,,,,,,
CARAMEL BLISS,,8901512562906,ACT II,,,,,, 65.00 ,,,,,,,,,,,,,,,,,
GOLDEN SIZZLE,,8901512564405,ACT II,,,,,, 33.00 ,,,,,,,,,,,,,,,,,
CLASSIC SALTED,,8901512564306,ACT II,,,,,, 33.00 ,,,,,,,,,,,,,,,,,
CLASSIC SALTED,,8901512548405,ACT II,,,,,, 44.00 ,,,,,,,,,,,,,,,,,
CHEESE 2+1 FREE,,8901512562203,ACT II,,,,,, 100.00 ,,,,,,,,,,,,,,,,,
CHEEDAR CHEESE,,8901512507204,ACT II,,,,,, 180.00 ,,,,,,,,,,,,,,,,,
GOLDEN SIZZLE,,8901512548504,ACT II,,,,,, 44.00 ,,,,,,,,,,,,,,,,,
XTREME BUTTER,,8901512546104,ACT II,,,,,, 30.00 ,,,,,,,,,,,,,,,,,
BUTTER PEPPER,,8901512540508,ACT II,,,,,, 30.00 ,,,,,,,,,,,,,,,,,
BUTTER DELIGHT,,8901512541901,ACT II,,,,,, 30.00 ,,,,,,,,,,,,,,,,,
MOVIE THEATRE BUTTER,,8901512556301,ACT II,,,,,, 30.00 ,,,,,,,,,,,,,,,,,
MICROWAVE BUTTER,,8901512507600,ACT II,,,,,, 25.00 ,,,,,,,,,,,,,,,,,
MICROWAVE ORIGINAL,,8901512507709,ACT II,,,,,, 25.00 ,,,,,,,,,,,,,,,,,
MICROWAVE BUTTER LOVER,,8901512506405,ACT II,,,,,, 195.00 ,,,,,,,,,,,,,,,,,
MICROWAVE BUTTER,,8901512506306,ACT II,,,,,, 195.00 ,,,,,,,,,,,,,,,,,
CLASSIC SALTED,,,ACT II,,,,,, 10.00 ,,,,,,,,,,,,,,,,,
CLASSIC SALTED COMBO,,8901512540102,ACT II,,,,,, 50.00 ,,,,,,,,,,,,,,,,,
SOOJI,,8901524001110,AHAR,,,,,, 41.00 ,,,,,,,,,,,,,,,,,
MAIDA,,8901524000410,AHAR,,,,,, 40.00 ,,,,,,,,,,,,,,,,,
BESAN,,8901524000212,AHAR,,,,,, 65.00 ,,,,,,,,,,,,,,,,,
POHA,,8901524001318,AHAR,,,,,, 70.00 ,,,,,,,,,,,,,,,,,
ROSTED DALIYA,,8901524000366,AHAR,,,,,, 66.00 ,,,,,,,,,,,,,,,,,
BAKING SODA,,,AJANTA,,,,,, 30.00 ,,,,,,,,,,,,,,,,,
VANILA FLAVOURS,,,AJANTA,,,,,, 30.00 ,,,,,,,,,,,,,,,,,
BAKING POWDER,,,AJANTA,,,,,, 24.00 ,,,,,,,,,,,,,,,,,
ALLOUT MACHINE,,8906006435773,ALLOUT,,,,,, 89.00 ,,,,,,,,,,,,,,,,,
ALLOUT LIQUID,,8906006430662,ALLOUT,,,,,, 75.00 ,,,,,,,,,,,,,,,,,
AMBIPUR AIR PURIFIER,,4902430918305,AMBIPUR,,,,,, 279.00 ,,,,,,,,,,,,,,,,,
FLAVOURED MILK ELAICHI,,8901262151573,AMUL,,,,,, 25.00 ,,,,,,,,,,,,,,,,,
GHEE,,8901262030700,AMUL,,,,,, 500.00 ,,,,,,,,,,,,,,,,,
AMULSPRAY INFANT FOOD,,8901262080019,AMUL,,,,,, 395.00 ,,,,,,,,,,,,,,,,,
FLAVOURED MILK KESAR,,8904124108005,ANANDA,,,,,, 30.00 ,,,,,,,,,,,,,,,,,
FLAVOURED MILK ELAICHI,,8904124107961,ANANDA,,,,,, 30.00 ,,,,,,,,,,,,,,,,,
FLAVOURED MILK BUTTERSCOTCH,,8904124107978,ANANDA,,,,,, 30.00 ,,,,,,,,,,,,,,,,,
ARIEL LIQUID MATIC,,4902430894593,ARIEL,,,,,, 230.00 ,,,,,,,,,,,,,,,,,
ATTA MULTIGRAIN 5KGS,,8901725111533,ASHIRVAD,,,,,, 295.00 ,,,,,,,,,,,,,,,,,
ATTA SELECT 5KGS,,8901725121228,ASHIRVAD,,,,,, 295.00 ,,,,,,,,,,,,,,,,,
QUINOA ORGANIC,,8902710510102,BAGRRY'S,,,,,, 375.00 ,,,,,,,,,,,,,,,,,
CRUNCHY MUSESLI,,8902710508666,BAGRRY'S,,,,,, 320.00 ,,,,,,,,,,,,,,,,,
CM CRANBERRIES,,8902710510034,BAGRRY'S,,,,,, 320.00 ,,,,,,,,,,,,,,,,,
MIX FRUIT MUESLI,,8902710500691,BAGRRY'S,,,,,, 320.00 ,,,,,,,,,,,,,,,,,
NAS CR. MUESLI,,8902710508666,BAGRRY'S,,,,,, 320.00 ,,,,,,,,,,,,,,,,,
HEALTHY CRUNCH,,8902710510010,BAGRRY'S,,,,,, 320.00 ,,,,,,,,,,,,,,,,,
PROTEIN MUESLI,,8902710501513,BAGRRY'S,,,,,, 399.00 ,,,,,,,,,,,,,,,,,
CORN FLAKES,,8902710205206,BAGRRY'S,,,,,, 330.00 ,,,,,,,,,,,,,,,,,
WHITE OATS,,8902710100068,BAGRRY'S,,,,,, 99.00 ,,,,,,,,,,,,,,,,,
WHEAT FLAKES,,8902710205213,BAGRRY'S,,,,,, 195.00 ,,,,,,,,,,,,,,,,,
VERMICELLI,,8901242114406,BAMBINO,,,,,, 45.00 ,,,,,,,,,,,,,,,,,
BAYGON MOSQUITO KILLER,,8904271200294,BAYGON,,,,,, 266.00 ,,,,,,,,,,,,,,,,,
BAYGON MOSQUITO KILLER,,8904271200317,BAYGON,,,,,, 98.00 ,,,,,,,,,,,,,,,,,
BESON LIGHTS,,,BENSON & HEDGES,,,,,, 320.00 ,,,,,,,,,,,,,,,,,
BISLERI 250 ML,,8906017290026,BISLERI,,,,,, 6.00 ,,,,,,,,,,,,,,,,,
BISLERI 1L,,8906017290040,BISLERI,,,,,, 20.00 ,,,,,,,,,,,,,,,,,
MINERAL WATER,,8906017290026,BISLERI,,,,,, 6.00 ,,,,,,,,,,,,,,,,,
BOROLINE ANTISEPTIC CREAM,,8901531300015,BOROLINE,,,,,, 38.00 ,,,,,,,,,,,,,,,,,
BOROLINE NIGHT REPAIR CREAM,,8901531300022,BOROLINE,,,,,, 70.00 ,,,,,,,,,,,,,,,,,
50-50,,8901063016699,BRITANNIA,,,,,, 10.00 ,,,,,,,,,,,,,,,,,
NUTRI CHOICE,,8901063142015,BRITANNIA,,,,,, 20.00 ,,,,,,,,,,,,,,,,,
MARI GOLD,,8901063023901,BRITANNIA,,,,,, 30.00 ,,,,,,,,,,,,,,,,,
GOOD DAY,,8901063092402,BRITANNIA,,,,,, 30.00 ,,,,,,,,,,,,,,,,,
HIDE & SEEK,,,BRITANNIA,,,,,, 30.00 ,,,,,,,,,,,,,,,,,
JIM JAM,,,BRITANNIA,,,,,, 35.00 ,,,,,,,,,,,,,,,,,
BOURBON,,8901063139213,BRITANNIA,,,,,, 30.00 ,,,,,,,,,,,,,,,,,
NUTRI CHOICE DIGESTIVE,,,BRITANNIA,,,,,, 55.00 ,,,,,,,,,,,,,,,,,
NUTRI CHOICE DIGESTIVE,,,BRITANNIA,,,,,, 20.00 ,,,,,,,,,,,,,,,,,
RED LABEL,,8901030450389,BROOKE BOND,,,,,, 210.00 ,,,,,,,,,,,,,,,,,
RED LABEL,,8901030397943,BROOKE BOND,,,,,, 390.00 ,,,,,,,,,,,,,,,,,
RED LABEL TEA,,8901030397943,BROOKE BOND,,,,,, 410.00 ,,,,,,,,,,,,,,,,,
RED LABEL TEA,,8901030450358,BROOKE BOND,,,,,, 110.00 ,,,,,,,,,,,,,,,,,
RED LABEL TEA,,8901030450389,BROOKE BOND,,,,,, 215.00 ,,,,,,,,,,,,,,,,,
RED LABEL TEA,,8901030674570,BROOKE BOND,,,,,, 140.00 ,,,,,,,,,,,,,,,,,
RED LABEL TEA NATURAL CARE,,8901030578205,BROOKE BOND,,,,,, 270.00 ,,,,,,,,,,,,,,,,,
CUSTARD POWDER,,8901030551956,BROWN & POLSON,,,,,, 35.00 ,,,,,,,,,,,,,,,,,
CORNFLOUR,,8901030518591,BROWN & POLSON,,,,,, 25.00 ,,,,,,,,,,,,,,,,,
CORNFLOUR,,8901030521218,BROWN & POLSON,,,,,, 77.00 ,,,,,,,,,,,,,,,,,
COFFEE,,8901030783029,BRU,,,,,, 10.00 ,,,,,,,,,,,,,,,,,
COFFEE,,8901030733994,BRU,,,,,, 2.00 ,,,,,,,,,,,,,,,,,
BOURNVITA,,8901314010025,CADBURY,,,,,, 223.00 ,,,,,,,,,,,,,,,,,
BOURNVITA BOTTLE,,7622201423193,CADBURY,,,,,, 410.00 ,,,,,,,,,,,,,,,,,
BOURNVITA BOTTLE,,7622201423155,CADBURY,,,,,, 223.00 ,,,,,,,,,,,,,,,,,
BOURNVITA BOTTLE,,7622201423117,CADBURY,,,,,, 110.00 ,,,,,,,,,,,,,,,,,
BOURNVITA POUCH,,7622201151416,CADBURY,,,,,, 302.00 ,,,,,,,,,,,,,,,,,
BOURNVITA POUCH,,7622201423131,CADBURY,,,,,, 209.00 ,,,,,,,,,,,,,,,,,
HING,,,CATCH,,,,,, 40.00 ,,,,,,,,,,,,,,,,,
DRY GINGER POWDER,,,CATCH,,,,,, 68.00 ,,,,,,,,,,,,,,,,,
SODA,,8908004804087,CATCH,,,,,, 25.00 ,,,,,,,,,,,,,,,,,
BLACK CURRENT SODA,,8908004804339,CATCH,,,,,, 50.00 ,,,,,,,,,,,,,,,,,
SHOW POLISH BLACK,,8901396051008,CHERRY,,,,,, 59.00 ,,,,,,,,,,,,,,,,,
SHOW POLISH DARK TAN,,8901396053002,CHERRY,,,,,, 59.00 ,,,,,,,,,,,,,,,,,
SHOE POLISH LIQUID DARK TAN,,8901396056003,CHERRY,,,,,, 85.00 ,,,,,,,,,,,,,,,,,
SHOE POLISH LIQUID BLACK,,8901396055006,CHERRY,,,,,, 85.00 ,,,,,,,,,,,,,,,,,
VEG HAKKA NOODLES,,8901595851218,CHINGS,,,,,, 30.00 ,,,,,,,,,,,,,,,,,
TOILET ROLL 3 PLY,,8906083863087,CLARET,,,,,, 360.00 ,,,,,,,,,,,,,,,,,
TISSUE PAPER 2 PLY,,8906083862547,CLARET,,,,,, 55.00 ,,,,,,,,,,,,,,,,,
REGULAR,,,CLASSIC,,,,,, 330.00 ,,,,,,,,,,,,,,,,,
MILD,,,CLASSIC,,,,,, 330.00 ,,,,,,,,,,,,,,,,,
ULTRA MILD,,,CLASSIC,,,,,, 330.00 ,,,,,,,,,,,,,,,,,
BIG GOLDFLAKE,,,CLASSIC,,,,,, 165.00 ,,,,,,,,,,,,,,,,,
TOOTHPASTE,,8901030788055,CLOSEUP,,,,,, 85.00 ,,,,,,,,,,,,,,,,,
COCO-COLA,,,COCA COLA,,,,,, 40.00 ,,,,,,,,,,,,,,,,,
LIMCA,,,COCA COLA,,,,,, 40.00 ,,,,,,,,,,,,,,,,,
THUMS UP,,8901764042270,COCA COLA,,,,,, 40.00 ,,,,,,,,,,,,,,,,,
SPRITE,,8901764032271,COCA COLA,,,,,, 40.00 ,,,,,,,,,,,,,,,,,
COKE 250ML,,,COCA COLA,,,,,, 20.00 ,,,,,,,,,,,,,,,,,
SPRITE 250ML,,8901764032912,COCA COLA,,,,,, 20.00 ,,,,,,,,,,,,,,,,,
COKE 1.25L,,8901764012808,COCA COLA,,,,,, 65.00 ,,,,,,,,,,,,,,,,,
LIMCA 1.25L,,8901764052804,COCA COLA,,,,,, 65.00 ,,,,,,,,,,,,,,,,,
COKE,,,COCA COLA,,,,,, 40.00 ,,,,,,,,,,,,,,,,,
THUMSUP,,,COCA COLA,,,,,, 20.00 ,,,,,,,,,,,,,,,,,
DIET COKE,,8901764061257,COCA COLA,,,,,, 35.00 ,,,,,,,,,,,,,,,,,
PULPY ORANGE,,8901764362804,COCA COLA,,,,,, 20.00 ,,,,,,,,,,,,,,,,,
ZIG-ZAG BRUSH,,8901314011664,COLGATE,,,,,, 30.00 ,,,,,,,,,,,,,,,,,
TOOTHPASTE,,8901314010025,COLGATE,,,,,, 95.00 ,,,,,,,,,,,,,,,,,
TOOTHPASTE,,8901314010520,COLGATE,,,,,, 52.00 ,,,,,,,,,,,,,,,,,
TOOTHPASTE,,,COLGATE,,,,,, 10.00 ,,,,,,,,,,,,,,,,,
PALMOLIVE LIQUID HAND WASH,,8901314006172,COLGATE -PALMOLIVE,,,,,, 99.00 ,,,,,,,,,,,,,,,,,
COLGATE PLAX MOUTH WASH,,8901314077998,COLGATE -PALMOLIVE,,,,,, 120.00 ,,,,,,,,,,,,,,,,,
COLGATE TOOTHPASTE JUMBO,,8901314543172,COLGATE -PALMOLIVE,,,,,, 217.00 ,,,,,,,,,,,,,,,,,
COLGATE TOOTHPASTE 200+100+BRUSH,,8901314010131,COLGATE -PALMOLIVE,,,,,, 147.00 ,,,,,,,,,,,,,,,,,
COLGATE MAXFRESH SPICY FRESH TOOTHPASTE,,8901314308108,COLGATE -PALMOLIVE,,,,,, 164.00 ,,,,,,,,,,,,,,,,,
COLGATE MAXFRESH PEPPERMINT TOOTHPASTE,,8901314524010,COLGATE -PALMOLIVE,,,,,, 164.00 ,,,,,,,,,,,,,,,,,
COLGATE HERBAL TOOTHPASTE ,,8901314310033,COLGATE -PALMOLIVE,,,,,, 100.00 ,,,,,,,,,,,,,,,,,
COLGATE ACTIVE SALT NEEM TOOTHPASTE,,8901314009319,COLGATE -PALMOLIVE,,,,,, 100.00 ,,,,,,,,,,,,,,,,,
COLGATE ACTIVE SALT TOOTHPASTE,,8901314009081,COLGATE -PALMOLIVE,,,,,, 100.00 ,,,,,,,,,,,,,,,,,
COLGATE ACTIVE SALT TOOTHPASTE,,8901314009586,COLGATE -PALMOLIVE,,,,,, 55.00 ,,,,,,,,,,,,,,,,,
COLGATE CHARCOAL CLEAN TOOTHPASTE,,8901314312822,COLGATE -PALMOLIVE,,,,,, 99.00 ,,,,,,,,,,,,,,,,,
COLGATE VISIBLE WHITE TOOTHPASTE,,8901314077790,COLGATE -PALMOLIVE,,,,,, 99.00 ,,,,,,,,,,,,,,,,,
COLGATE CIBACA TOOTHPASTE,,8901314081018,COLGATE -PALMOLIVE,,,,,, 55.00 ,,,,,,,,,,,,,,,,,
COLGATE CIBACA VEDSHAKTI TOOTHPASTE,,8901314311948,COLGATE -PALMOLIVE,,,,,, 50.00 ,,,,,,,,,,,,,,,,,
COLGATE MAXFRESH SPICY FRESH TOOTHPASTE,,8901314309914,COLGATE -PALMOLIVE,,,,,, 92.00 ,,,,,,,,,,,,,,,,,
COLGATE MAXFRESH PEPPERMINT TOOTHPASTE,,8901314309921,COLGATE -PALMOLIVE,,,,,, 92.00 ,,,,,,,,,,,,,,,,,
COLGATE SWARNA VEDSHAKTI TOOTHPASTE,,8901314308085,COLGATE -PALMOLIVE,,,,,, 52.00 ,,,,,,,,,,,,,,,,,
COLGATE KIDS TOOTHPASTE,,8901314022660,COLGATE -PALMOLIVE,,,,,, 90.00 ,,,,,,,,,,,,,,,,,
COLGATE AMINO SHAKTI TOOTHPASTE,,8901314010025,COLGATE -PALMOLIVE,,,,,, 95.00 ,,,,,,,,,,,,,,,,,
COLGATE AMINO SHAKTI TOOTHPASTE,,8901314010520,COLGATE -PALMOLIVE,,,,,, 52.00 ,,,,,,,,,,,,,,,,,
COLIN,,8901396476009,COLIN,,,,,, 89.00 ,,,,,,,,,,,,,,,,,
COLIN,,8901396465003,COLIN,,,,,, 58.00 ,,,,,,,,,,,,,,,,,
HONEY,,8901207005374,DABUR,,,,,, 62.00 ,,,,,,,,,,,,,,,,,
HONEY,,8901207025365,DABUR,,,,,, 99.00 ,,,,,,,,,,,,,,,,,
HONEY,,8901207025372,DABUR,,,,,, 199.00 ,,,,,,,,,,,,,,,,,
GULAB JAL,,89005583,DABUR,,,,,, 28.00 ,,,,,,,,,,,,,,,,,
CHAVANPRASH,,8901207900631,DABUR,,,,,, 180.00 ,,,,,,,,,,,,,,,,,
ODOMOS MOSQUITO REPELLENT,,8901207500053,DABUR,,,,,, 90.00 ,,,,,,,,,,,,,,,,,
ODOMOS MOSQUITO REPELLENT,,8901207500046,DABUR,,,,,, 50.00 ,,,,,,,,,,,,,,,,,
GULABARI GULAB JAL,,89005590,DABUR,,,,,, 45.00 ,,,,,,,,,,,,,,,,,
GULABARI GULAB JAL,,89005606,DABUR,,,,,, 75.00 ,,,,,,,,,,,,,,,,,
DABUR MESWAK TOOTHPASTE,,8901207033377,DABUR,,,,,, 97.00 ,,,,,,,,,,,,,,,,,
DABUR RED TOOTHPASTE,,8901207027253,DABUR,,,,,, 52.00 ,,,,,,,,,,,,,,,,,
DABUR RED TOOTHPASTE,,8901207027321,DABUR,,,,,, 95.00 ,,,,,,,,,,,,,,,,,
HONEY,,8901207005374,DABUR,,,,,, 62.00 ,,,,,,,,,,,,,,,,,
HONEY,,8901207025389,DABUR,,,,,, 395.00 ,,,,,,,,,,,,,,,,,
HONEY,,8901207025372,DABUR,,,,,, 199.00 ,,,,,,,,,,,,,,,,,
HONEY,,8901207025365,DABUR,,,,,, 99.00 ,,,,,,,,,,,,,,,,,
HONEY SQUEEZY,,8901207026553,DABUR,,,,,, 160.00 ,,,,,,,,,,,,,,,,,
HAJMOLA,,8901207900839,DABUR,,,,,, 40.00 ,,,,,,,,,,,,,,,,,
5 STAR CHOCLATE,,8901233036625,DABUR,,,,,, 10.00 ,,,,,,,,,,,,,,,,,
CHAWANPRASH,,8901207900631,DABUR,,,,,, 180.00 ,,,,,,,,,,,,,,,,,
CHAWANPRASH,,8901207900648,DABUR,,,,,, 325.00 ,,,,,,,,,,,,,,,,,
CHAWANPRASH SUGARFREE,,8901207001635,DABUR,,,,,, 210.00 ,,,,,,,,,,,,,,,,,
CHAWANPRASH SUGARFREE,,8901207005671,DABUR,,,,,, 370.00 ,,,,,,,,,,,,,,,,,
ROZANA BASMATI RICE,,8901537006010,DAWAT,,,,,, 99.00 ,,,,,,,,,,,,,,,,,
OLIVE OIL,,8901246002167,DEL MONTE,,,,,, 850.00 ,,,,,,,,,,,,,,,,,
HANDWASH,,8901396387183,DETTOL,,,,,, 99.00 ,,,,,,,,,,,,,,,,,
DETTOL,,8901396387329,DETTOL,,,,,, 99.00 ,,,,,,,,,,,,,,,,,
DHAMPUR SUGAR,,8902195070627,DHAMPUR,,,,,, 65.00 ,,,,,,,,,,,,,,,,,
DHAMPUR GREEN SUGAR,,8901612000537,DHAMPUR,,,,,, 80.00 ,,,,,,,,,,,,,,,,,
CLEANZO WHITE PHENYL,,8908008172045,DIVYA SOAPS,,,,,, 250.00 ,,,,,,,,,,,,,,,,,
SHAMPOO,,8901030703812,DOVE,,,,,, 110.00 ,,,,,,,,,,,,,,,,,
SHAMPOO,,8901030707995,DOVE,,,,,, 230.00 ,,,,,,,,,,,,,,,,,
NAVRATAN COOL BLAST POWDER,,8901248121330,EMAMI,,,,,, 86.00 ,,,,,,,,,,,,,,,,,
BOROPLUS ANITSEPTIC CREAM,,8901248101431,EMAMI,,,,,, 150.00 ,,,,,,,,,,,,,,,,,
BOROPLUS ANITSEPTIC CREAM,,8901248101424,EMAMI,,,,,, 115.00 ,,,,,,,,,,,,,,,,,
BOROPLUS ANITSEPTIC CREAM,,8901248101103,EMAMI,,,,,, 38.00 ,,,,,,,,,,,,,,,,,
BOROPLUS ANITSEPTIC CREAM,,8901248101110,EMAMI,,,,,, 70.00 ,,,,,,,,,,,,,,,,,
ZANDU PAIN RELIEF BALM,,8901248701105,EMAMI,,,,,, 37.00 ,,,,,,,,,,,,,,,,,
ZANDU ULTRA POWER PAIN RELIEF,,8901248701129,EMAMI,,,,,, 42.00 ,,,,,,,,,,,,,,,,,
ENO LEMON FLAVOUR (BOTTLE),,8901571001033,ENO,,,,,, 120.00 ,,,,,,,,,,,,,,,,,
ENO LEMON FLAVOUR (SACHET),,8901571006854,ENO,,,,,, 8.00 ,,,,,,,,,,,,,,,,,
SABJI MASALA,,8901786131006,EVEREST,,,,,, 54.00 ,,,,,,,,,,,,,,,,,
SABJI MASALA,,8901786130504,EVEREST,,,,,, 29.00 ,,,,,,,,,,,,,,,,,
FAIR & LOVELY,,8901030732423,FAIR & LOVELY,,,,,, 54.00 ,,,,,,,,,,,,,,,,,
FAIR & LOVELY,,8901030732430,FAIR & LOVELY,,,,,, 102.00 ,,,,,,,,,,,,,,,,,
TISSUE PAPER 1 PLY,,,FLORIA,,,,,, 56.00 ,,,,,,,,,,,,,,,,,
MUSTARD OIL 1LTRS,,8906007280969,FORTUNE,,,,,, 181.00 ,,,,,,,,,,,,,,,,,
SOYA OIL 1LTRS,,8906007280037,FORTUNE,,,,,, 130.00 ,,,,,,,,,,,,,,,,,
SUNFLOWER OIL 1LTRS,,8906007280242,FORTUNE,,,,,, 142.00 ,,,,,,,,,,,,,,,,,
JUMBO BASMATI RICE,,8906009590455,GALAXY,,,,,, 180.00 ,,,,,,,,,,,,,,,,,
DISPOSABLE GLASS WATER,,,GANPATI PLASTICS,,,,,, 5.00 ,,,,,,,,,,,,,,,,,
SENSODYNE RAPID RELIEF TOOTHPASTE,,8901571004829,GLOBAL HEALTHCARE,,,,,, 90.00 ,,,,,,,,,,,,,,,,,
SENSODYNE FRESH GEL TOOTHPASTE,,8901571004614,GLOBAL HEALTHCARE,,,,,, 110.00 ,,,,,,,,,,,,,,,,,
SENSODYNE FRESH MINT TOOTHPASTE,,8901571004096,GLOBAL HEALTHCARE,,,,,, 110.00 ,,,,,,,,,,,,,,,,,
EZEE,,8901023005800,GODREJ,,,,,, 49.00 ,,,,,,,,,,,,,,,,,
AER POCKET BATHROOM FRESHNER,,8901023014512,GODREJ,,,,,, 55.00 ,,,,,,,,,,,,,,,,,
EZEE LIQUID 2 IN 1,,8901023022012,GODREJ,,,,,, 230.00 ,,,,,,,,,,,,,,,,,
EZEE LIQUID WINTER AND CHIFFON,,8901023005817,GODREJ,,,,,, 90.00 ,,,,,,,,,,,,,,,,,
EZEE LIQUID WINTER AND CHIFFON,,8901023005800,GODREJ,,,,,, 49.00 ,,,,,,,,,,,,,,,,,
GOODNIGHT ACTIVE COIL,,8901157004342,GODREJ,,,,,, 34.00 ,,,,,,,,,,,,,,,,,
AER ROOM FRESHNER,,8901023019524,GODREJ,,,,,, 149.00 ,,,,,,,,,,,,,,,,,
AER ROOM FRESHNER,,8901157045093,GODREJ,,,,,, 149.00 ,,,,,,,,,,,,,,,,,
AER ROOM FRESHNER,,8901157045109,GODREJ,,,,,, 149.00 ,,,,,,,,,,,,,,,,,
NO. 1 BATH SOAP,,8901023007408,GODREJ,,,,,, 72.00 ,,,,,,,,,,,,,,,,,
FAIRGLOW BATH SOAP,,8901023011368,GODREJ,,,,,, 88.00 ,,,,,,,,,,,,,,,,,
CINTHOL BATH SOAP LIME,,8901023008177,GODREJ,,,,,, 124.00 ,,,,,,,,,,,,,,,,,
CINTHOL BATH SOAP COOL,,8901023004599,GODREJ,,,,,, 99.00 ,,,,,,,,,,,,,,,,,
PROTEKT HANDWASH BLUE,,8901023014222,GODREJ,,,,,, 115.00 ,,,,,,,,,,,,,,,,,
PROTEKT HANDWASH GREEN,,8901023014239,GODREJ,,,,,, 115.00 ,,,,,,,,,,,,,,,,,
GOODNIGHT MACHINE,,8901023019715,GOODNIGHT,,,,,, 89.00 ,,,,,,,,,,,,,,,,,
GOODNIGHT LIQUID,,8901023011719,GOODNIGHT,,,,,, 89.00 ,,,,,,,,,,,,,,,,,
GAINDA PHENYL BLACK,,8908003634029,GRAND CHEMICAL WORKS,,,,,, 350.00 ,,,,,,,,,,,,,,,,,
SUGAR,,808042000022,GREENS,,,,,, 60.00 ,,,,,,,,,,,,,,,,,
JEERA,,,GREENS,,,,,, 38.00 ,,,,,,,,,,,,,,,,,
DAL CHINI,,8906128400239,GREENS,,,,,, 50.00 ,,,,,,,,,,,,,,,,,
AJWAIN,,8906128400000,GREENS,,,,,, 48.00 ,,,,,,,,,,,,,,,,,
BLACK PEPPER,,,GREENS,,,,,, 98.00 ,,,,,,,,,,,,,,,,,
MUSTARD SEEDS,,,GREENS,,,,,, 26.00 ,,,,,,,,,,,,,,,,,
CLOVES,,,GREENS,,,,,, 80.00 ,,,,,,,,,,,,,,,,,
CLOVES,,8906128400567,GREENS,,,,,, 85.00 ,,,,,,,,,,,,,,,,,
DHANIYA SABUT,,8906128400260,GREENS,,,,,, 90.00 ,,,,,,,,,,,,,,,,,
MEETHI,,,GREENS,,,,,, 30.00 ,,,,,,,,,,,,,,,,,
MEETHI,,,GREENS,,,,,, 28.00 ,,,,,,,,,,,,,,,,,
RAI,,,GREENS,,,,,, 50.00 ,,,,,,,,,,,,,,,,,
CARDAMOM,,,GREENS,,,,,, 90.00 ,,,,,,,,,,,,,,,,,
SHAKKAR,,8906128400994,GREENS,,,,,, 55.00 ,,,,,,,,,,,,,,,,,
HORLICS,,8901571001354,GSK,,,,,, 242.00 ,,,,,,,,,,,,,,,,,
HORLICKS CLASSIC MALT TETRA,,8901571001996,GSK,,,,,, 229.00 ,,,,,,,,,,,,,,,,,
HORLICKS CLASSIC MALT BOTTLE,,8901571001354,GSK,,,,,, 242.00 ,,,,,,,,,,,,,,,,,
HORLICKS CLASSIC MALT BOTTLE,,8901571001361,GSK,,,,,, 454.00 ,,,,,,,,,,,,,,,,,
HORLICKS JUNIOR,,8901030820045,GSK,,,,,, 209.00 ,,,,,,,,,,,,,,,,,
HORLICK CHOCOLATE,,8901030812897,GSK,,,,,, 190.00 ,,,,,,,,,,,,,,,,,
HORLICKS MOTHER'S,,8901571001989,GSK,,,,,, 525.00 ,,,,,,,,,,,,,,,,,
BOOST,,8901571000043,GSK,,,,,, 247.00 ,,,,,,,,,,,,,,,,,
PAPAD,,8904063251046,HALDIRAM,,,,,, 52.00 ,,,,,,,,,,,,,,,,,
NUT CRACKER,,8901314010520,HALDIRAM,,,,,, 45.00 ,,,,,,,,,,,,,,,,,
SALTED PEANUT,,8904063253842,HALDIRAM,,,,,, 46.00 ,,,,,,,,,,,,,,,,,
ALL-IN-ONE,,8904063200020,HALDIRAM,,,,,, 46.00 ,,,,,,,,,,,,,,,,,
BHUJIA,,8904063200051,HALDIRAM,,,,,, 46.00 ,,,,,,,,,,,,,,,,,
LITE MIXTURE,,,HALDIRAM,,,,,, 30.00 ,,,,,,,,,,,,,,,,,
CHIWDA,,,HALDIRAM,,,,,, 30.00 ,,,,,,,,,,,,,,,,,
BOONDI,,8904063200464,HALDIRAM,,,,,, 44.00 ,,,,,,,,,,,,,,,,,
ROO-A-AFZA,,8901453000024,HAMDARD,,,,,, 150.00 ,,,,,,,,,,,,,,,,,
BANDAID,,,HANSAPLAST,,,,,, 2.00 ,,,,,,,,,,,,,,,,,
DHOOP,,,HARIDARSHAN,,,,,, 15.00 ,,,,,,,,,,,,,,,,,
HARPIC TOILET CLEANER,,8901396151005,HARPIC,,,,,, 86.00 ,,,,,,,,,,,,,,,,,
HARPIC TOILET CLEANER,,8901396173502,HARPIC,,,,,, 168.00 ,,,,,,,,,,,,,,,,,
HARPIC BATHROOM CLEANER,,8901396153306,HARPIC,,,,,, 91.00 ,,,,,,,,,,,,,,,,,
SHAMPOO,,,HEAD & SHOULDER,,,,,, 150.00 ,,,,,,,,,,,,,,,,,
HEINZ TOMATO KETCHUP,,8908012605010,HEINZ,,,,,, 99.00 ,,,,,,,,,,,,,,,,,
HEINZ TOMATO KETCHUP,,8908012605003,HEINZ,,,,,, 165.00 ,,,,,,,,,,,,,,,,,
CHOCOLATE DRINKING,,,HERSHEY,,,,,, 200.00 ,,,,,,,,,,,,,,,,,
HANDWASH REFILL,,8901138844745,HIMALAYA,,,,,, 50.00 ,,,,,,,,,,,,,,,,,
HIMALAYA ANIT-HAIR FALL SHAMPOO,,8901138815943,HIMALAYA,,,,,, 230.00 ,,,,,,,,,,,,,,,,,
HIMALAYA ANIT-HAIR FALL SHAMPOO,,8901138815936,HIMALAYA,,,,,, 130.00 ,,,,,,,,,,,,,,,,,
HIMALAYA NEEM FACE WASH,,8901138822477,HIMALAYA,,,,,, 190.00 ,,,,,,,,,,,,,,,,,
HIMALAYA NEEM FACE WASH,,8901138512460,HIMALAYA,,,,,, 120.00 ,,,,,,,,,,,,,,,,,
HIMALAYA NEEM FACE WASH,,8901138512187,HIMALAYA,,,,,, 65.00 ,,,,,,,,,,,,,,,,,
HIMALYA SPARKLING WHITE TOOTHPASTE,,8901138836122,HIMALAYA,,,,,, 90.00 ,,,,,,,,,,,,,,,,,
HIMALYA SPARKLING WHITE TOOTHPASTE,,8901138836115,HIMALAYA,,,,,, 60.00 ,,,,,,,,,,,,,,,,,
HIMALYA COMPLETE CARE TOOTHPASTE,,8901138836092,HIMALAYA,,,,,, 50.00 ,,,,,,,,,,,,,,,,,
HIMALYA COMPLETE CARE TOOTHPASTE,,8901138836108,HIMALAYA,,,,,, 80.00 ,,,,,,,,,,,,,,,,,
HIMALYA SENSITIVE TOOTHPASTE,,8901138836078,HIMALAYA,,,,,, 105.00 ,,,,,,,,,,,,,,,,,
HIMALAYA GENTLE BABY SOAP,,8901138512606,HIMALAYA,,,,,, 68.00 ,,,,,,,,,,,,,,,,,
HIMALAYA GENTLE BABY SOAP,,8901138511838,HIMALAYA,,,,,, 48.00 ,,,,,,,,,,,,,,,,,
HIMALAYA GENTLE BABY SHAMPOO,,8901138511449,HIMALAYA,,,,,, 85.00 ,,,,,,,,,,,,,,,,,
HIMALAYA GENTLE BABY MASSAGE OIL,,8901138511739,HIMALAYA,,,,,, 100.00 ,,,,,,,,,,,,,,,,,
HIMALAYA GENTLE BABY MASSAGE OIL,,8901138512408,HIMALAYA,,,,,, 175.00 ,,,,,,,,,,,,,,,,,
HIMALAYA GENTLE BABY WASH,,8901138512903,HIMALAYA,,,,,, 145.00 ,,,,,,,,,,,,,,,,,
HIMALAYA GENTLE BABY LOTION,,8901138511463,HIMALAYA,,,,,, 90.00 ,,,,,,,,,,,,,,,,,
HIMALAYA GENTLE BABY LOTION,,8901138511470,HIMALAYA,,,,,, 155.00 ,,,,,,,,,,,,,,,,,
HIMALAYA GENTLE BABY SHAMPOO,,8901138512576,HIMALAYA,,,,,, 300.00 ,,,,,,,,,,,,,,,,,
HIMALAYA GENTLE BABY SHAMPOO,,8901138511456,HIMALAYA,,,,,, 160.00 ,,,,,,,,,,,,,,,,,
HIMALAYA GENTLE BABY POWDER,,8901138511814,HIMALAYA,,,,,, 70.00 ,,,,,,,,,,,,,,,,,
HIMALAYA GENTLE BABY POWDER,,8901138513153,HIMALAYA,,,,,, 130.00 ,,,,,,,,,,,,,,,,,
HIMALAYA GENTLE BABY POWDER,,8901138824037,HIMALAYA,,,,,, 200.00 ,,,,,,,,,,,,,,,,,
HIMALAYA BABY CREAM,,8901138511487,HIMALAYA,,,,,, 70.00 ,,,,,,,,,,,,,,,,,
HIMALAYA BABY CREAM,,8901138511494,HIMALAYA,,,,,, 135.00 ,,,,,,,,,,,,,,,,,
HIMALAYA GENTLE BABY WIPES,,8901138513184,HIMALAYA,,,,,, 318.00 ,,,,,,,,,,,,,,,,,
MOTTEIN LIQUID,,8901396528302,HINDUSTAN FOODS,,,,,, 72.00 ,,,,,,,,,,,,,,,,,
MORTIEN POWER COIL,,8901396506003,HINDUSTAN FOODS,,,,,, 30.00 ,,,,,,,,,,,,,,,,,
LAL HIT,,8901157025194,HIT,,,,,, 269.00 ,,,,,,,,,,,,,,,,,
KALA HIT,,8901157025170,HIT,,,,,, 269.00 ,,,,,,,,,,,,,,,,,
KALA HIT LIME FRESH,,8901023019265,HIT,,,,,, 325.00 ,,,,,,,,,,,,,,,,,
LAL HIT,,8901157025200,HIT,,,,,, 182.00 ,,,,,,,,,,,,,,,,,
KALA HIT LIME FRESH,,8901023014291,HIT,,,,,, 182.00 ,,,,,,,,,,,,,,,,,
LAL HIT,,8901157025071,HIT,,,,,, 99.00 ,,,,,,,,,,,,,,,,,
KAKA HIT LIME FRESH,,8901023014284,HIT,,,,,, 99.00 ,,,,,,,,,,,,,,,,,
MIXED FRUIT JAM,,8901030534966,HUL,,,,,, 65.00 ,,,,,,,,,,,,,,,,,
MIXED FRUIT JAM,,8901030535048,HUL,,,,,, 150.00 ,,,,,,,,,,,,,,,,,
KETCHUP,,8901030794193,HUL,,,,,, 50.00 ,,,,,,,,,,,,,,,,,
KETCHUP,,,HUL,,,,,, 85.00 ,,,,,,,,,,,,,,,,,
KETCHUP,,8901030765353,HUL,,,,,, 15.00 ,,,,,,,,,,,,,,,,,
KETCHUP,,,HUL,,,,,, 140.00 ,,,,,,,,,,,,,,,,,
RIN FABRIC WHITENER,,,HUL,,,,,, 62.00 ,,,,,,,,,,,,,,,,,
KETCHUP,,8901030667756,HUL,,,,,, 130.00 ,,,,,,,,,,,,,,,,,
TOMATO PUREE,,8901030561603,HUL,,,,,, 25.00 ,,,,,,,,,,,,,,,,,
PEARS BATH SOAP,,8901030771262,HUL,,,,,, 65.00 ,,,,,,,,,,,,,,,,,
LUX 4+1 SOAP,,8901030793387,HUL,,,,,, 95.00 ,,,,,,,,,,,,,,,,,
LUX 4+1 SOAP,,8901030793073,HUL,,,,,, 95.00 ,,,,,,,,,,,,,,,,,
LUX BATH SOAP,,8901030682322,HUL,,,,,, 30.00 ,,,,,,,,,,,,,,,,,
LUX BATH SOAP,,8901030682339,HUL,,,,,, 55.00 ,,,,,,,,,,,,,,,,,
LIRIL BATH SOAP,,8901030724350,HUL,,,,,, 57.00 ,,,,,,,,,,,,,,,,,
LIFEBUOY BATH SOAP,,8901030726910,HUL,,,,,, 80.00 ,,,,,,,,,,,,,,,,,
VIM LIQUID WASH,,8901030760648,HUL,,,,,, 155.00 ,,,,,,,,,,,,,,,,,
VIM LIQUID WASH,,8901030760587,HUL,,,,,, 105.00 ,,,,,,,,,,,,,,,,,
FAIR & LOVELY BATH SOAP,,8901030740824,HUL,,,,,, 90.00 ,,,,,,,,,,,,,,,,,
PEARS BATH SOAP SUPER SAVER,,8901030771293,HUL,,,,,, 150.00 ,,,,,,,,,,,,,,,,,
DOVE BATH SOAP,,8901030770388,HUL,,,,,, 160.00 ,,,,,,,,,,,,,,,,,
DOVE BATH SOAP,,8901030795589,HUL,,,,,, 45.00 ,,,,,,,,,,,,,,,,,
CLINIC PLUS SHAMPOO,,8901030748066,HUL,,,,,, 84.00 ,,,,,,,,,,,,,,,,,
DOVE DAILY SHINE SHAMPOO,,8901030704321,HUL,,,,,, 500.00 ,,,,,,,,,,,,,,,,,
DOVE DAILY SHINE SHAMPOO,,8901030707995,HUL,,,,,, 230.00 ,,,,,,,,,,,,,,,,,
DOVE DRYNESS CARE SHAMPOO,,8901030703607,HUL,,,,,, 230.00 ,,,,,,,,,,,,,,,,,
DOVE INTENSE REPAIR SHAMPOO,,8901030703829,HUL,,,,,, 110.00 ,,,,,,,,,,,,,,,,,
DOVE DANDRUFF CARE SHAMPOO,,8901030764356,HUL,,,,,, 145.00 ,,,,,,,,,,,,,,,,,
TRESEMME KERATIN SMOOTH SHAMPOO,,8901030700194,HUL,,,,,, 465.00 ,,,,,,,,,,,,,,,,,
TRESEMME KERATIN SMOOTH SHAMPOO,,8901030705915,HUL,,,,,, 130.00 ,,,,,,,,,,,,,,,,,
TRESEMME SMOOTH & SHINE SHAMPOO,,8901030705885,HUL,,,,,, 120.00 ,,,,,,,,,,,,,,,,,
TRESEMME HAIRFALL DEFENCE SHAMPOO,,8901030700743,HUL,,,,,, 187.00 ,,,,,,,,,,,,,,,,,
AXE DARK TEMPTATION DEO,,8901030569180,HUL,,,,,, 200.00 ,,,,,,,,,,,,,,,,,
SUNSILK BLACK SHINE SHAMPOO,,8901030789359,HUL,,,,,, 310.00 ,,,,,,,,,,,,,,,,,
SUNSILK THICK AND LONG SHAMPOO,,8901030745539,HUL,,,,,, 180.00 ,,,,,,,,,,,,,,,,,
SUNSILK BLACK SHINE SHAMPOO,,8901030738333,HUL,,,,,, 95.00 ,,,,,,,,,,,,,,,,,
SUNSILK THICK AND LONG SHAMPOO,,8901030775901,HUL,,,,,, 95.00 ,,,,,,,,,,,,,,,,,
CLINIC PLUS SHAMPOO,,8901030789083,HUL,,,,,, 288.00 ,,,,,,,,,,,,,,,,,
CLINIC PLUS SHAMPOO,,8901030748110,HUL,,,,,, 159.00 ,,,,,,,,,,,,,,,,,
VASELINE PETRO JELLY,,8901030734168,HUL,,,,,, 125.00 ,,,,,,,,,,,,,,,,,
VASELINE PETRO JELLY,,8901030734182,HUL,,,,,, 72.00 ,,,,,,,,,,,,,,,,,
FAIR & LOVELY MENS FACE WASH,,8901030777974,HUL,,,,,, 85.00 ,,,,,,,,,,,,,,,,,
LAKME BLUSH GLOW FACE WASH,,8901030732874,HUL,,,,,, 105.00 ,,,,,,,,,,,,,,,,,
LAKME ABSOLUTE BRIGHTENING DAY CREAM,,8901030753817,HUL,,,,,, 99.00 ,,,,,,,,,,,,,,,,,
POND'S WHITE BEAUTY,,8901030786051,HUL,,,,,, 70.00 ,,,,,,,,,,,,,,,,,
POND'S WHITE BEAUTY,,8901030786037,HUL,,,,,, 125.00 ,,,,,,,,,,,,,,,,,
LAKME ABSOLUTE BRIGHTENING DAY CREAM,,8901030790751,HUL,,,,,, 299.00 ,,,,,,,,,,,,,,,,,
FAIR & LOVELY INSTANT GLOW FACE WASH,,8901030731976,HUL,,,,,, 120.00 ,,,,,,,,,,,,,,,,,
FAIR & LOVELY INSTANT GLOW FACE WASH,,8901030821394,HUL,,,,,, 65.00 ,,,,,,,,,,,,,,,,,
PONDS WHITE BEAUTY FACE WASH,,8901030794131,HUL,,,,,, 149.00 ,,,,,,,,,,,,,,,,,
PONDS ANTI-POLLUTION FACE WASH,,8901030767654,HUL,,,,,, 190.00 ,,,,,,,,,,,,,,,,,
PONDS WHITE BEAUTY FACE WASH,,8901030794148,HUL,,,,,, 79.00 ,,,,,,,,,,,,,,,,,
PONDS ANTI-POLLUTION FACE WASH,,8901030767647,HUL,,,,,, 95.00 ,,,,,,,,,,,,,,,,,
DOVE DEEP PURE FACE WASH,,8901030676284,HUL,,,,,, 175.00 ,,,,,,,,,,,,,,,,,
AXE TEMPTATION AFTER SHAVE LOTION,,8901030611209,HUL,,,,,, 205.00 ,,,,,,,,,,,,,,,,,
CLOSEUP EVERFRESH+,,8901030788055,HUL,,,,,, 85.00 ,,,,,,,,,,,,,,,,,
CLOSEUP EVERFRESH+,,8901030788277,HUL,,,,,, 40.00 ,,,,,,,,,,,,,,,,,
CLOSEUP EVERFRESH+ PACK OF 2,,8901030788062,HUL,,,,,, 150.00 ,,,,,,,,,,,,,,,,,
GLOW & LOVELY ORIGINAL,,8901030821516,HUL,,,,,, 54.00 ,,,,,,,,,,,,,,,,,
GLOW & LOVELY ORIGINAL,,8901030821523,HUL,,,,,, 102.00 ,,,,,,,,,,,,,,,,,
GLOW & LOVELY ORIGINAL,,8901030821530,HUL,,,,,, 155.00 ,,,,,,,,,,,,,,,,,
GLOW & LOVELY AYURVEDIC,,8901030736070,HUL,,,,,, 72.00 ,,,,,,,,,,,,,,,,,
GLOW & LOVELY AYURVEDIC,,8901030736087,HUL,,,,,, 133.00 ,,,,,,,,,,,,,,,,,
GLOW & HANDSOME,,8901030822162,HUL,,,,,, 130.00 ,,,,,,,,,,,,,,,,,
GLOW & HANDSOME,,8901030742651,HUL,,,,,, 75.00 ,,,,,,,,,,,,,,,,,
PEPSODENT GUMCARE9+ TOOTHPASTE,,8901030677038,HUL,,,,,, 98.00 ,,,,,,,,,,,,,,,,,
PEPSODENT GERMICHECK+ TOOTHPASTE,,8901030739057,HUL,,,,,, 52.00 ,,,,,,,,,,,,,,,,,
PEPSODENT GERMICHECK+ TOOTHPASTE,,8901030674303,HUL,,,,,, 90.00 ,,,,,,,,,,,,,,,,,
PEPSODENT GERMICHECK+ TOOTHPASTE,,8901030674310,HUL,,,,,, 129.00 ,,,,,,,,,,,,,,,,,
PEPSODENT 2 IN 1 TOOTHPASTE,,8901030677069,HUL,,,,,, 97.00 ,,,,,,,,,,,,,,,,,
AXE SHAVING CREAM  COMBO,,8901030788307,HUL,,,,,, 136.00 ,,,,,,,,,,,,,,,,,
REX BAKING POWDER,,8901030518584,HUL,,,,,, 30.00 ,,,,,,,,,,,,,,,,,
BROWN & POLSON CUSTARD POWDER,,8901030551956,HUL,,,,,, 35.00 ,,,,,,,,,,,,,,,,,
BROWN & POLSON CORNFLOUR,,8901030518591,HUL,,,,,, 25.00 ,,,,,,,,,,,,,,,,,
KNORR HOT & SOUR VEGETABLE SOUP ,,8901030516269,HUL,,,,,, 55.00 ,,,,,,,,,,,,,,,,,
KNORR THICK TOMATO SOUP ,,8901030516306,HUL,,,,,, 55.00 ,,,,,,,,,,,,,,,,,
KNORR MIXED VEGETABLE SOUP ,,8901030516276,HUL,,,,,, 55.00 ,,,,,,,,,,,,,,,,,
KISSAN FRESH TOMATO SAUCE (BOTTLE),,8901030699085,HUL,,,,,, 140.00 ,,,,,,,,,,,,,,,,,
KISSAN FRESH TOMATO SAUCE (REFFIL),,8901030667756,HUL,,,,,, 130.00 ,,,,,,,,,,,,,,,,,
KISSAN FRESH TOMATO SAUCE (REFFIL),,8901030717376,HUL,,,,,, 50.00 ,,,,,,,,,,,,,,,,,
KISSAN MIXED FRUIT JAM,,8901030535048,HUL,,,,,, 150.00 ,,,,,,,,,,,,,,,,,
KISSAN MIXED FRUIT JAM,,8901030534966,HUL,,,,,, 65.00 ,,,,,,,,,,,,,,,,,
KISSAN MIXED FRUIT JAM,,8901030535093,HUL,,,,,, 215.00 ,,,,,,,,,,,,,,,,,
KISSAN MIXED FRUIT JAM,,8901030756047,HUL,,,,,, 280.00 ,,,,,,,,,,,,,,,,,
TAAZA TEA,,8901030456381,HUL,,,,,, 70.00 ,,,,,,,,,,,,,,,,,
TAAZA MASALA TEA,,8901030686504,HUL,,,,,, 75.00 ,,,,,,,,,,,,,,,,,
COMFORT FABRIC CONDITIONER ANTI-BACTERIAL (GREEN),,8901030735721,HUL,,,,,, 218.00 ,,,,,,,,,,,,,,,,,
COMFORT FABRIC CONDITIONER LILY FRESH (PINK),,8901030735738,HUL,,,,,, 218.00 ,,,,,,,,,,,,,,,,,
COMFORT FABRIC CONDITIONER MORNING FRESH (BLUE),,8901030735714,HUL,,,,,, 218.00 ,,,,,,,,,,,,,,,,,
LIFEBUOY SANITIZER,,8901030810244,HUL,,,,,, 250.00 ,,,,,,,,,,,,,,,,,
LIFEBUOY SANITIZER,,8901030813405,HUL,,,,,, 120.00 ,,,,,,,,,,,,,,,,,
VIMLIQUID JAR,,8901030760655,HUL,,,,,, 360.00 ,,,,,,,,,,,,,,,,,
TAJ MAHAL TEA,,8901030658778,HUL,,,,,, 520.00 ,,,,,,,,,,,,,,,,,
TAJ MAHAL TEA,,8901030658761,HUL,,,,,, 260.00 ,,,,,,,,,,,,,,,,,
TAJ MAHAL TEA,,8901030658754,HUL,,,,,, 135.00 ,,,,,,,,,,,,,,,,,
LIPTON GREEN TEA,,8901030779299,HUL,,,,,, 165.00 ,,,,,,,,,,,,,,,,,
LIPTON YELLOW LABEL,,8901030553868,HUL,,,,,, 220.00 ,,,,,,,,,,,,,,,,,
LIPTON GREEN LABEL,,8901030752902,HUL,,,,,, 460.00 ,,,,,,,,,,,,,,,,,
SURF EXCEL MATIC TOP LOAD,,8901030710803,HUL,,,,,, 999.00 ,,,,,,,,,,,,,,,,,
SURF EXCEL MATIC FRONT LOAD,,8901030710810,HUL,,,,,," 1,099.00 ",,,,,,,,,,,,,,,,,
SURF EXCEL MATIC FRONT LOAD,,8901030556807,HUL,,,,,, 530.00 ,,,,,,,,,,,,,,,,,
RIN POWDER,,8901030752384,HUL,,,,,, 65.00 ,,,,,,,,,,,,,,,,,
VIM BAR ,,8901030717048,HUL,,,,,, 40.00 ,,,,,,,,,,,,,,,,,
VIM BAR ,,8901030812972,HUL,,,,,, 30.00 ,,,,,,,,,,,,,,,,,
VIM BAR COMBO,,8901030670183,HUL,,,,,, 48.00 ,,,,,,,,,,,,,,,,,
SURF EXCEL QUICK WASH,,8901030795664,HUL,,,,,, 180.00 ,,,,,,,,,,,,,,,,,
SURF EXCEL EASY WASH,,8901030807299,HUL,,,,,, 95.00 ,,,,,,,,,,,,,,,,,
SURF EXCEL EASY WASH,,8901030691386,HUL,,,,,, 496.00 ,,,,,,,,,,,,,,,,,
SURF EXCEL QUICK WASH,,8901030783678,HUL,,,,,, 600.00 ,,,,,,,,,,,,,,,,,
SURF EXCEL MATIC TOP LOAD,,8901030816611,HUL,,,,,, 449.00 ,,,,,,,,,,,,,,,,,
BASMATI RICE,,690225103626,INDIA GATE,,,,,, 89.00 ,,,,,,,,,,,,,,,,,
RICE,,690225103633,INDIA GATE,,,,,, 440.00 ,,,,,,,,,,,,,,,,,
BASMATI RICE MOGRA,,690225106092,INDIA GATE,,,,,, 342.00 ,,,,,,,,,,,,,,,,,
BASMATI RICE DUBAR,,690225101134,INDIA GATE,,,,,, 115.00 ,,,,,,,,,,,,,,,,,
VIVEL BATH SOAP,,8901725937386,ITC,,,,,, 99.00 ,,,,,,,,,,,,,,,,,
SAVLON BATH SOAP,,8901725977146,ITC,,,,,, 87.00 ,,,,,,,,,,,,,,,,,
SAVLON ANTISEPTIC DISINFECTANT LIQUID,,8901725973148,ITC,,,,,, 156.00 ,,,,,,,,,,,,,,,,,
SAVLON ANTISEPTIC DISINFECTANT LIQUID,,8901725973131,ITC,,,,,, 291.00 ,,,,,,,,,,,,,,,,,
LISTERINE MOUTH WASH,,8901012133057,JHONSON & JHONSON,,,,,, 140.00 ,,,,,,,,,,,,,,,,,
JOHNSONS BABY WIPES,,8901012119150,JHONSON & JHONSON,,,,,, 230.00 ,,,,,,,,,,,,,,,,,
JOHNSONS BABY POWDER,,8901012116791,JHONSON & JHONSON,,,,,, 320.00 ,,,,,,,,,,,,,,,,,
JOHNSONS BABY POWDER,,8901012116586,JHONSON & JHONSON,,,,,, 225.00 ,,,,,,,,,,,,,,,,,
JOHNSONS BABY POWDER,,8901012116579,JHONSON & JHONSON,,,,,, 135.00 ,,,,,,,,,,,,,,,,,
JOHNSONS BABY POWDER,,8901012116562,JHONSON & JHONSON,,,,,, 75.00 ,,,,,,,,,,,,,,,,,
JOHNSONS BABY OIL,,8901012116722,JHONSON & JHONSON,,,,,, 195.00 ,,,,,,,,,,,,,,,,,
JOHNSONS BABY OIL,,8901012116715,JHONSON & JHONSON,,,,,, 110.00 ,,,,,,,,,,,,,,,,,
JOHNSONS BABY OIL,,8901012116739,JHONSON & JHONSON,,,,,, 400.00 ,,,,,,,,,,,,,,,,,
JOHNSONS BABY HAIR OIL,,8901012118092,JHONSON & JHONSON,,,,,, 120.00 ,,,,,,,,,,,,,,,,,
JOHNSONS BABY HAIR OIL,,8901012118085,JHONSON & JHONSON,,,,,, 80.00 ,,,,,,,,,,,,,,,,,
JOHNSONS BABY SHAMPOO,,8901012116944,JHONSON & JHONSON,,,,,, 360.00 ,,,,,,,,,,,,,,,,,
JOHNSONS BABY SHAMPOO,,8901012116920,JHONSON & JHONSON,,,,,, 90.00 ,,,,,,,,,,,,,,,,,
JOHNSONS TOP-TO-TOE BABY BATH,,8901012116890,JHONSON & JHONSON,,,,,, 160.00 ,,,,,,,,,,,,,,,,,
JOHNSONS TOP-TO-TOE BABY BATH,,8901012116883,JHONSON & JHONSON,,,,,, 85.00 ,,,,,,,,,,,,,,,,,
JOHNSONS BABY LOTION,,8901012116852,JHONSON & JHONSON,,,,,, 165.00 ,,,,,,,,,,,,,,,,,
JOHNSONS BABY LOTION,,8901012116845,JHONSON & JHONSON,,,,,, 90.00 ,,,,,,,,,,,,,,,,,
JOHNSONS BABY SOAP,,8901012116654,JHONSON & JHONSON,,,,,, 62.00 ,,,,,,,,,,,,,,,,,
JOHNSONS BABY SOAP,,8901012116647,JHONSON & JHONSON,,,,,, 52.00 ,,,,,,,,,,,,,,,,,
JOHNSONS BABY SOAP,,8901012116661,JHONSON & JHONSON,,,,,, 90.00 ,,,,,,,,,,,,,,,,,
JOHNSONS BABY CREAM,,8901012116814,JHONSON & JHONSON,,,,,, 75.00 ,,,,,,,,,,,,,,,,,
JOHNSONS MILK + RICE BABY CREAM,,8901012117002,JHONSON & JHONSON,,,,,, 75.00 ,,,,,,,,,,,,,,,,,
JOHNSONS BABY CREAM,,8901012116821,JHONSON & JHONSON,,,,,, 145.00 ,,,,,,,,,,,,,,,,,
JHONSONS MILK + RICE LOTION,,8901012116975,JHONSON & JHONSON,,,,,, 170.00 ,,,,,,,,,,,,,,,,,
CLEAN & CLEAR FOAMING FACE WASH,,8901012189191,JHONSON & JHONSON,,,,,, 155.00 ,,,,,,,,,,,,,,,,,
CLEAN & CLEAR FOAMING FACE WASH,,8901012189184,JHONSON & JHONSON,,,,,, 130.00 ,,,,,,,,,,,,,,,,,
CLEAN & CLEAR MORNING ENERGY FACE WASH,,8901012189368,JHONSON & JHONSON,,,,,, 145.00 ,,,,,,,,,,,,,,,,,
STAYFREE SECURE 20 PADS,,8901012165256,JHONSON & JHONSON,,,,,, 78.00 ,,,,,,,,,,,,,,,,,
STAYFREE SECURE XL 6 PADS,,8901012166635,JHONSON & JHONSON,,,,,, 36.00 ,,,,,,,,,,,,,,,,,
STAYFREE SECURE 6 PADS,,8901012166604,JHONSON & JHONSON,,,,,, 28.00 ,,,,,,,,,,,,,,,,,
STAYFREE ALL NIGHT ULTRA DRY XL 14 PADS,,8901012166512,JHONSON & JHONSON,,,,,, 175.00 ,,,,,,,,,,,,,,,,,
STAYFREE ALL NIGHT ULTRA DRY XL 7 PADS,,8901012166482,JHONSON & JHONSON,,,,,, 90.00 ,,,,,,,,,,,,,,,,,
STAYFREE ALL NIGHT ULTRA DRY XL 42 PADS,,8901012166710,JHONSON & JHONSON,,,,,, 450.00 ,,,,,,,,,,,,,,,,,
STAYFREE SECURE 20 PADS,,8901012165737,JHONSON & JHONSON,,,,,, 115.00 ,,,,,,,,,,,,,,,,,
IMLI,,,JK,,,,,, 60.00 ,,,,,,,,,,,,,,,,,
MARGO BATH SOAP,,8902102230854,JYOTHY LABROTRIES,,,,,, 85.00 ,,,,,,,,,,,,,,,,,
EXO DISH WASHER,,8902102199427,JYOTHY LABROTRIES,,,,,, 48.00 ,,,,,,,,,,,,,,,,,
KAMASUTRA SPARK DEO,,8901216713017,KAMASUTRA,,,,,, 210.00 ,,,,,,,,,,,,,,,,,
KAMASUTRA DOTTED CONDOMS,,8901216406346,KAMASUTRA,,,,,, 120.00 ,,,,,,,,,,,,,,,,,
KAMASUTRA INTENSITY CONDOMS,,8901216406308,KAMASUTRA,,,,,, 120.00 ,,,,,,,,,,,,,,,,,
KAMASUTRA ORANGE CONDOMS,,8901216406902,KAMASUTRA,,,,,, 80.00 ,,,,,,,,,,,,,,,,,
KAMASUTRA BUTTERSCOTCH CONDOMS,,8901216406650,KAMASUTRA,,,,,, 80.00 ,,,,,,,,,,,,,,,,,
KAMASUTRA PINEAPPLE CONDOMS,,8901216406940,KAMASUTRA,,,,,, 80.00 ,,,,,,,,,,,,,,,,,
KAMASUTRA VANILLA CONDOMS,,8901216406667,KAMASUTRA,,,,,, 80.00 ,,,,,,,,,,,,,,,,,
KAMASUTRA COFFEE CONDOMS,,8901216406674,KAMASUTRA,,,,,, 80.00 ,,,,,,,,,,,,,,,,,
KAMASUTRA BANANA CONDOMS,,8901216406681,KAMASUTRA,,,,,, 80.00 ,,,,,,,,,,,,,,,,,
KAMASUTRA VARIETY PACK CONDOMS,,8901216406964,KAMASUTRA,,,,,, 90.00 ,,,,,,,,,,,,,,,,,
KAMASUTRA LONGLAST CONDOMS,,8901216406285,KAMASUTRA,,,,,, 130.00 ,,,,,,,,,,,,,,,,,
KAMASUTRA DOTT MAX CONDOMS,,8901216406865,KAMASUTRA,,,,,, 200.00 ,,,,,,,,,,,,,,,,,
KAMASUTRA RIBBED CONDOMS,,8901216406353,KAMASUTRA,,,,,, 110.00 ,,,,,,,,,,,,,,,,,
CHOCOS,,8901499007964,KELLOGG'S,,,,,, 165.00 ,,,,,,,,,,,,,,,,,
CORNFLAKES,,8901499008183,KELLOGG'S,,,,,, 95.00 ,,,,,,,,,,,,,,,,,
CORNFLAKES ORIGINAL,,8901499008190,KELLOGG'S,,,,,, 180.00 ,,,,,,,,,,,,,,,,,
CORNFLAKES ORIGINAL,,8901499008183,KELLOGG'S,,,,,, 95.00 ,,,,,,,,,,,,,,,,,
CHOCOS,,8901499007971,KELLOGG'S,,,,,, 299.00 ,,,,,,,,,,,,,,,,,
CHOCOS,,8901499007964,KELLOGG'S,,,,,, 165.00 ,,,,,,,,,,,,,,,,,
CHOCOS,,8901499007957,KELLOGG'S,,,,,, 125.00 ,,,,,,,,,,,,,,,,,
CORNFLAKES ALL BRAN WHEAT FLAKES,,8901499008213,KELLOGG'S,,,,,, 205.00 ,,,,,,,,,,,,,,,,,
CORNFLAKES SPECIAL K,,8901499008459,KELLOGG'S,,,,,, 210.00 ,,,,,,,,,,,,,,,,,
MUESLI FRUIT & NUT 21%,,8901499010452,KELLOGG'S,,,,,, 315.00 ,,,,,,,,,,,,,,,,,
MUESLI NUT DELIGHT 20%,,8901499010469,KELLOGG'S,,,,,, 315.00 ,,,,,,,,,,,,,,,,,
MUESLI FRUIT MAGIC 22%,,8901499010445,KELLOGG'S,,,,,, 315.00 ,,,,,,,,,,,,,,,,,
PUFFCORN,,,KRUKURE,,,,,, 20.00 ,,,,,,,,,,,,,,,,,
BLUE LAYS,,8901491503020,LAYS,,,,,, 10.00 ,,,,,,,,,,,,,,,,,
KURKURE,,8901491361026,LAYS,,,,,, 10.00 ,,,,,,,,,,,,,,,,,
UNCLE CHIPS,,8901491410106,LAYS,,,,,, 10.00 ,,,,,,,,,,,,,,,,,
RED LAYS,,8901491503044,LAYS,,,,,, 10.00 ,,,,,,,,,,,,,,,,,
DORITOS,,8901491000208,LAYS,,,,,, 20.00 ,,,,,,,,,,,,,,,,,
ONION GREEN LAYS,,,LAYS,,,,,, 20.00 ,,,,,,,,,,,,,,,,,
CHILE LEMON GREEN LAYS,,8901491981552,LAYS,,,,,, 20.00 ,,,,,,,,,,,,,,,,,
CRIPZ LAYS,,,LAYS,,,,,, 20.00 ,,,,,,,,,,,,,,,,,
BLUE LAYS,,8901491101844,LAYS,,,,,, 20.00 ,,,,,,,,,,,,,,,,,
RED LAYS,,8901491101820,LAYS,,,,,, 20.00 ,,,,,,,,,,,,,,,,,
KURKURE,,,LAYS,,,,,, 20.00 ,,,,,,,,,,,,,,,,,
PEPSI,,8902080104024,LEHAR PEPSI,,,,,, 15.00 ,,,,,,,,,,,,,,,,,
LIFEBUOY HAND WASH,,8901030767319,LIFEBUOY,,,,,, 85.00 ,,,,,,,,,,,,,,,,,
LIFEBUOY HAND WASH,,8901030672682,LIFEBUOY,,,,,, 119.00 ,,,,,,,,,,,,,,,,,
LIFEBUOY HAND WASH,,8901030815409,LIFEBUOY,,,,,, 189.00 ,,,,,,,,,,,,,,,,,
LIZOL SURFACE CLEANER,,8901396140009,LIZOL,,,,,, 179.00 ,,,,,,,,,,,,,,,,,
LIZOL SURFACE CLEANER,,8901396117407,LIZOL,,,,,, 93.00 ,,,,,,,,,,,,,,,,,
LIZOL SURFACE CLEANER,,8901396117001,LIZOL,,,,,, 362.00 ,,,,,,,,,,,,,,,,,
PAPAD,,,LIZZAT,,,,,, 72.00 ,,,,,,,,,,,,,,,,,
LIJJIT PAPAD,,,LIZZAT,,,,,, 72.00 ,,,,,,,,,,,,,,,,,
GARNIER LONG & STRONG SHAMPOO,,8901526201877,L'OREL,,,,,, 135.00 ,,,,,,,,,,,,,,,,,
GARNIER LONG & STRONG CONDITIONER,,8901526205240,L'OREL,,,,,, 165.00 ,,,,,,,,,,,,,,,,,
L'OREAL TOTAL REPAIR SHAMPOO,,8901526101504,L'OREL,,,,,, 265.00 ,,,,,,,,,,,,,,,,,
L'OREAL TOTAL REPAIR SHAMPOO,,8901526101498,L'OREL,,,,,, 135.00 ,,,,,,,,,,,,,,,,,
GARNIER LIGHT COMPLETE,,8901526553426,L'OREL,,,,,, 199.00 ,,,,,,,,,,,,,,,,,
GARNIER LIGHT COMPLETE SERUM,,8901526553419,L'OREL,,,,,, 59.00 ,,,,,,,,,,,,,,,,,
GARNIER POWER WHITE ANTI-DARK CELLS FACE WASH,,8901526573851,L'OREL,,,,,, 160.00 ,,,,,,,,,,,,,,,,,
GARNIER POWER WHITE ANTI-POLLUTION FACE WASH,,8901526574001,L'OREL,,,,,, 160.00 ,,,,,,,,,,,,,,,,,
GARNIER ACNO FIGHT ANTI-PIMPLE FACE WASH,,8901526209620,L'OREL,,,,,, 99.00 ,,,,,,,,,,,,,,,,,
GARNIER LIGHT FAIRNESS FACE WASH,,8901526204236,L'OREL,,,,,, 160.00 ,,,,,,,,,,,,,,,,,
GARNIER OIL CLEAR DEEP CLEANSING FACE WASH,,8901526205561,L'OREL,,,,,, 180.00 ,,,,,,,,,,,,,,,,,
GARNIER OIL CLEAR DEEP CLEANSING FACE WASH,,8901526205578,L'OREL,,,,,, 99.00 ,,,,,,,,,,,,,,,,,
GARNIER ACNO FIGHT ANTI-PIMPLE FACE WASH,,8901526574025,L'OREL,,,,,, 160.00 ,,,,,,,,,,,,,,,,,
GARNIER PURE ACTIVE PURE NEEM FACE WASH,,8901526207473,L'OREL,,,,,, 120.00 ,,,,,,,,,,,,,,,,,
GARNIER PURE ACTIVE PURE NEEM FACE WASH,,8901526207480,L'OREL,,,,,, 55.00 ,,,,,,,,,,,,,,,,,
LUX SOAP,,,LUX,,,,,, 10.00 ,,,,,,,,,,,,,,,,,
MAGIC MASALA,,,MAGGI,,,,,, 23.00 ,,,,,,,,,,,,,,,,,
MAGIC MASALA,,,MAGGI,,,,,, 5.00 ,,,,,,,,,,,,,,,,,
VI-JOHN SHAVING CREAM,,8906010080433,MAJA HEALTH CARE,,,,,, 50.00 ,,,,,,,,,,,,,,,,,
REVIVE LIQUID STIFFENER,,8901088057097,MARICO LIMITED,,,,,, 124.00 ,,,,,,,,,,,,,,,,,
REVIVE INSTANT STARCH,,8901088702522,MARICO LIMITED,,,,,, 125.00 ,,,,,,,,,,,,,,,,,
REVIVE INSTANT STARCH,,8901088002851,MARICO LIMITED,,,,,, 65.00 ,,,,,,,,,,,,,,,,,
ADVANCE,,,MARLBORO,,,,,, 330.00 ,,,,,,,,,,,,,,,,,
LIGHT,,,MARLBORO,,,,,, 330.00 ,,,,,,,,,,,,,,,,,
CLOVE,,,MARLBORO,,,,,, 326.00 ,,,,,,,,,,,,,,,,,
SUBJI MASALA,,,MDH,,,,,, 54.00 ,,,,,,,,,,,,,,,,,
MEAT MASALA,,8902167000829,MDH,,,,,, 37.00 ,,,,,,,,,,,,,,,,,
JAL JEERA,,8902167000010,MDH,,,,,, 52.00 ,,,,,,,,,,,,,,,,,
MEAT KA MASALA,,8902167000140,MDH,,,,,, 70.00 ,,,,,,,,,,,,,,,,,
CHUNKY CHAAT,,8902167000065,MDH,,,,,, 63.00 ,,,,,,,,,,,,,,,,,
CHICKEN MASALA,,8902167000218,MDH,,,,,, 67.00 ,,,,,,,,,,,,,,,,,
PAV BHAJI,,8902167000256,MDH,,,,,, 64.00 ,,,,,,,,,,,,,,,,,
KITCHEN KING,,8902167000102,MDH,,,,,, 68.00 ,,,,,,,,,,,,,,,,,
RAITA MASALA,,8902167000355,MDH,,,,,, 59.00 ,,,,,,,,,,,,,,,,,
CHANNA MASALA,,8902167000089,MDH,,,,,, 62.00 ,,,,,,,,,,,,,,,,,
KASTURI METHI,,8902167000164,MDH,,,,,, 25.00 ,,,,,,,,,,,,,,,,,
SHAHI PANEER,,8902167001048,MDH,,,,,, 80.00 ,,,,,,,,,,,,,,,,,
GARAM MASALA,,8902167000782,MDH,,,,,, 40.00 ,,,,,,,,,,,,,,,,,
GARAM MASALA,,8902167000126,MDH,,,,,, 78.00 ,,,,,,,,,,,,,,,,,
AMCHUR POWDER,,8902167000300,MDH,,,,,, 82.00 ,,,,,,,,,,,,,,,,,
DEGI MIRCH,,8902167000034,MDH,,,,,, 65.00 ,,,,,,,,,,,,,,,,,
KALI MIRCH,,8902167000492,MDH,,,,,, 70.00 ,,,,,,,,,,,,,,,,,
DHANIA POWDER,,,MDH,,,,,, 30.00 ,,,,,,,,,,,,,,,,,
LAL MIRCHI,,8902167004384,MDH,,,,,, 33.00 ,,,,,,,,,,,,,,,,,
SAMBHAR MASALA,,8902167000270,MDH,,,,,, 62.00 ,,,,,,,,,,,,,,,,,
CLING PAPER,,,MFM,,,,,, 218.00 ,,,,,,,,,,,,,,,,,
DESI GHEE,,8906004970023,MILKFOOD,,,,,, 498.00 ,,,,,,,,,,,,,,,,,
DESI GHEE,,8906004970016,MILKFOOD,,,,,, 252.00 ,,,,,,,,,,,,,,,,,
DESI GHEE,,8906004970023,MILKFOOD,,,,,, 498.00 ,,,,,,,,,,,,,,,,,
CORNFLAKES,,8901131721722,MOHUN'S,,,,,, 300.00 ,,,,,,,,,,,,,,,,,
UPMA,,8901042968223,MTR,,,,,, 90.00 ,,,,,,,,,,,,,,,,,
DOSA,,8901042957968,MTR,,,,,, 120.00 ,,,,,,,,,,,,,,,,,
RAVA IDLI,,8901042957074,MTR,,,,,, 205.00 ,,,,,,,,,,,,,,,,,
SAMBHAR POWDER,,8901042954714,MTR,,,,,, 110.00 ,,,,,,,,,,,,,,,,,
COFFEE,,89006740,NESCAFE,,,,,, 150.00 ,,,,,,,,,,,,,,,,,
COFFEE,,89006733,NESCAFE,,,,,, 75.00 ,,,,,,,,,,,,,,,,,
COFFEE,,8901058826784,NESCAFE,,,,,, 490.00 ,,,,,,,,,,,,,,,,,
COFFEE,,89008560,NESCAFE,,,,,, 10.00 ,,,,,,,,,,,,,,,,,
COFFEE,,,NESCAFE,,,,,," 1,060.00 ",,,,,,,,,,,,,,,,,
NESTLE LACTOGEN 3 BABY FOOD,,8901058865073,NESTLE,,,,,, 310.00 ,,,,,,,,,,,,,,,,,
NESTLE LACTOGEN 2 BABY FOOD,,8901058856163,NESTLE,,,,,, 320.00 ,,,,,,,,,,,,,,,,,
NESTLE LACTOGEN 1 BABY FOOD,,8901058865318,NESTLE,,,,,, 330.00 ,,,,,,,,,,,,,,,,,
NESTLE NAN PRO 1 BABY FOOD,,8901058859775,NESTLE,,,,,, 610.00 ,,,,,,,,,,,,,,,,,
NESTLE NAN PRO 4 BABY FOOD,,8901058859744,NESTLE,,,,,, 580.00 ,,,,,,,,,,,,,,,,,
NESTLE NAN PRO 2 BABY FOOD,,8901058859768,NESTLE,,,,,, 605.00 ,,,,,,,,,,,,,,,,,
CERELAC RICE BABY FOOD,,8901058865776,NESTLE,,,,,, 190.00 ,,,,,,,,,,,,,,,,,
CERELAC MULTRIGRAIN DAL BABY FOOD,,8901058867589,NESTLE,,,,,, 257.00 ,,,,,,,,,,,,,,,,,
CERELAC MULTRIGRAIN CEREAL MILK & FRUIT BABY FOOD,,8901058867688,NESTLE,,,,,, 277.00 ,,,,,,,,,,,,,,,,,
CERELAC MULTRIGRAIN FRUIT BABY FOOD,,8901058867596,NESTLE,,,,,, 257.00 ,,,,,,,,,,,,,,,,,
CERELAC WHEAT-RICE MIXED FRUIT BABY FOOD,,8901058867541,NESTLE,,,,,, 246.00 ,,,,,,,,,,,,,,,,,
CERELAC WHEAT APPLE CHERRY BABY FOOD,,8901058867503,NESTLE,,,,,, 220.00 ,,,,,,,,,,,,,,,,,
CERELAC WHEAT APPLE  BABY FOOD,,8901058867466,NESTLE,,,,,, 190.00 ,,,,,,,,,,,,,,,,,
MAGGI RICH TOMATO SAUCE,,8901058101577,NESTLE,,,,,, 99.00 ,,,,,,,,,,,,,,,,,
MAGGI HOT & SWEET SAUCE,,8901058117783,NESTLE,,,,,, 110.00 ,,,,,,,,,,,,,,,,,
MAGGI RICH TOMATO SAUCE,,8901058107487,NESTLE,,,,,, 147.00 ,,,,,,,,,,,,,,,,,
MAGGI HOT & SWEET SAUCE,,8901058101614,NESTLE,,,,,, 160.00 ,,,,,,,,,,,,,,,,,
MAGGIE ATTA ,,8901058866711,NESTLE,,,,,, 86.00 ,,,,,,,,,,,,,,,,,
MAAGIE MASALA 4 PACK,,8901058851311,NESTLE,,,,,, 46.00 ,,,,,,,,,,,,,,,,,
MAAGIE MASALA 6 PACK,,8901058851328,NESTLE,,,,,, 68.00 ,,,,,,,,,,,,,,,,,
NIVEA SOFT MOISTURISER,,42204169,NIVEA,,,,,, 85.00 ,,,,,,,,,,,,,,,,,
NIVEA SOFT MOISTURISER,,42204091,NIVEA,,,,,, 160.00 ,,,,,,,,,,,,,,,,,
NIVEA SOFT MOISTURISER,,42204084,NIVEA,,,,,, 310.00 ,,,,,,,,,,,,,,,,,
ELAICHI,,,NOVA,,,,,, 10.00 ,,,,,,,,,,,,,,,,,
SOYA BARI,,8906032016571,NUTRELA,,,,,, 45.00 ,,,,,,,,,,,,,,,,,
SOYA CHURA,,8906032010999,NUTRELA,,,,,, 45.00 ,,,,,,,,,,,,,,,,,
SOYA MINI CHUNKS,,8906032011019,NUTRELA,,,,,, 45.00 ,,,,,,,,,,,,,,,,,
BATHROOM FRESHENER,,8901207029875,ODONIL,,,,,, 141.00 ,,,,,,,,,,,,,,,,,
GREEN TEA CLASSIC,,801541070435,ORGANIC INDIA,,,,,, 174.00 ,,,,,,,,,,,,,,,,,
GREEN TEA TULSI SWEET ROSE,,801541605002,ORGANIC INDIA,,,,,, 148.00 ,,,,,,,,,,,,,,,,,
GREEN TEA SWEET LEMON TEA,,801541605033,ORGANIC INDIA,,,,,, 154.00 ,,,,,,,,,,,,,,,,,
GREEN TEA POMEGRANATE,,801541508426,ORGANIC INDIA,,,,,, 174.00 ,,,,,,,,,,,,,,,,,
GREEN TEA TULSI MULETHI,,801541605019,ORGANIC INDIA,,,,,, 148.00 ,,,,,,,,,,,,,,,,,
GREEN TEA EARLY GREY,,801541509256,ORGANIC INDIA,,,,,, 174.00 ,,,,,,,,,,,,,,,,,
GREEN TEA AYUSH KWATH,,801541519286,ORGANIC INDIA,,,,,, 184.00 ,,,,,,,,,,,,,,,,,
GREEN TEA GINGER TURMERIC,,801541512812,ORGANIC INDIA,,,,,, 148.00 ,,,,,,,,,,,,,,,,,
GREEN TEA JASMINE,,801541080434,ORGANIC INDIA,,,,,, 174.00 ,,,,,,,,,,,,,,,,,
GREEN TEA TULSI GINGER,,801541040438,ORGANIC INDIA,,,,,, 148.00 ,,,,,,,,,,,,,,,,,
GREEN TEA ASHWAGANDHA,,801541514892,ORGANIC INDIA,,,,,, 174.00 ,,,,,,,,,,,,,,,,,
GREEN TEA TULSI JASMINE,,801541509546,ORGANIC INDIA,,,,,, 174.00 ,,,,,,,,,,,,,,,,,
PANTENE ADVANCE SOLUTION SHAMPOO,,4902430346115,P&G,,,,,, 550.00 ,,,,,,,,,,,,,,,,,
PANTENE ADVANCE SOLUTION SHAMPOO,,4902430899147,P&G,,,,,, 225.00 ,,,,,,,,,,,,,,,,,
PANTENE HAIRFALL CONTROL 2IN1,,4902430538794,P&G,,,,,, 150.00 ,,,,,,,,,,,,,,,,,
PANTENE SILKY SMOOTH CARE,,4902430899215,P&G,,,,,, 120.00 ,,,,,,,,,,,,,,,,,
HEAD AND SHOULDER SILKY BLACK SHAMPOO,,4902430345934,P&G,,,,,, 600.00 ,,,,,,,,,,,,,,,,,
HEAD AND SHOULDER SILKY BLACK SHAMPOO,,4902430773850,P&G,,,,,, 285.00 ,,,,,,,,,,,,,,,,,
HEAD AND SHOULDER ANTI-HAIRFALL SHAMPOO,,4902430773812,P&G,,,,,, 285.00 ,,,,,,,,,,,,,,,,,
HEAD AND SHOULDER SMOOTH & SILKY SHAMPOO,,4902430774208,P&G,,,,,, 150.00 ,,,,,,,,,,,,,,,,,
VENUS RAZOR GIRLS,,4902430857611,P&G,,,,,, 220.00 ,,,,,,,,,,,,,,,,,
PRESTO RAZOR,,4902430839754,P&G,,,,,, 20.00 ,,,,,,,,,,,,,,,,,
GILLETTE AFTER SHAVE,,4902430752299,P&G,,,,,, 469.00 ,,,,,,,,,,,,,,,,,
GILLETTE AFTER SHAVE,,4902430752336,P&G,,,,,, 268.00 ,,,,,,,,,,,,,,,,,
GILLETTE FUSION BLADE 2NOS,,4902430721530,P&G,,,,,, 500.00 ,,,,,,,,,,,,,,,,,
GILLETTE FUSION BLADE 2NOS,,4902430922388,P&G,,,,,, 550.00 ,,,,,,,,,,,,,,,,,
GILLETTE FUSION BLADE 4 NOS,,4902430721554,P&G,,,,,, 900.00 ,,,,,,,,,,,,,,,,,
GILLETTE FUSION BLADE 8 NOS,,4902430922913,P&G,,,,,," 1,599.00 ",,,,,,,,,,,,,,,,,
GILLETTE FUSION RAZOR ,,4902430778206,P&G,,,,,, 350.00 ,,,,,,,,,,,,,,,,,
GILLETTE MACH 3 BLADES 2 NOS,,4902430921817,P&G,,,,,, 260.00 ,,,,,,,,,,,,,,,,,
GILLETTE MACH 3 BLADES 8 NOS,,4902430798792,P&G,,,,,, 840.00 ,,,,,,,,,,,,,,,,,
GILLETTE VECTOR BLADES 6 NOS,,4902430787130,P&G,,,,,, 150.00 ,,,,,,,,,,,,,,,,,
GILLETTE VECTOR BLADES 4 NOS,,4902430787116,P&G,,,,,, 110.00 ,,,,,,,,,,,,,,,,,
GILLETTE MACH 3 BLADES 12 NOS,,4902430798815,P&G,,,,,," 1,175.00 ",,,,,,,,,,,,,,,,,
VENUS RAZOR GIRLS,,4987176029768,P&G,,,,,, 70.00 ,,,,,,,,,,,,,,,,,
GILLETTE GUARD RAZOR,,4902430818858,P&G,,,,,, 22.00 ,,,,,,,,,,,,,,,,,
VENUS BREEZE RAZOR GIRLS,,4902430857277,P&G,,,,,, 350.00 ,,,,,,,,,,,,,,,,,
GILLETTE MACH 3 BLADES 4 NOS,,4902430722421,P&G,,,,,, 475.00 ,,,,,,,,,,,,,,,,,
GILLETTE REGULAR SHAVING FOAM,,4902430722193,P&G,,,,,, 85.00 ,,,,,,,,,,,,,,,,,
GILLETTE REGULAR SHAVING FOAM,,4902430930499,P&G,,,,,, 125.00 ,,,,,,,,,,,,,,,,,
GILLETTE REGULAR SHAVING FOAM,,4902430602761,P&G,,,,,, 199.00 ,,,,,,,,,,,,,,,,,
GILLETTE SENSATIVE SHAVING FOAM,,4902430602747,P&G,,,,,, 199.00 ,,,,,,,,,,,,,,,,,
GILLETTE VECTOR RAZOR,,4902430787154,P&G,,,,,, 60.00 ,,,,,,,,,,,,,,,,,
GILLETTE MACH3 RAZOR,,4902430751483,P&G,,,,,, 185.00 ,,,,,,,,,,,,,,,,,
GILLETTE SHAVE GEL,,4902430722049,P&G,,,,,, 85.00 ,,,,,,,,,,,,,,,,,
PAMPERS LARGE,,4902430645577,P&G,,,,,, 699.00 ,,,,,,,,,,,,,,,,,
PAMPERS MEDIUM,,4902430814829,P&G,,,,,, 699.00 ,,,,,,,,,,,,,,,,,
PAMPERS SMALL,,4902430868266,P&G,,,,,, 699.00 ,,,,,,,,,,,,,,,,,
PAMPERS X LARGE,,4902430900492,P&G,,,,,, 399.00 ,,,,,,,,,,,,,,,,,
PAMPERS LARGE,,4902430364126,P&G,,,,,, 199.00 ,,,,,,,,,,,,,,,,,
PAMPERS MEDIUM,,4902430364027,P&G,,,,,, 199.00 ,,,,,,,,,,,,,,,,,
PAMPERS SMALL,,4902430364003,P&G,,,,,, 199.00 ,,,,,,,,,,,,,,,,,
WHISPER ULTRA CLEAN,,4902430473194,P&G,,,,,, 430.00 ,,,,,,,,,,,,,,,,,
WHISPER ULTRA CLEAN,,4902430894845,P&G,,,,,, 298.00 ,,,,,,,,,,,,,,,,,
WHISPER ULTRA CLEAN,,4902430871396,P&G,,,,,, 170.00 ,,,,,,,,,,,,,,,,,
WHISPER ULTRA SOFT AIR FRESH,,4987176030511,P&G,,,,,, 315.00 ,,,,,,,,,,,,,,,,,
WHISPER MAXI FIT REGULAR,,4902430909143,P&G,,,,,, 80.00 ,,,,,,,,,,,,,,,,,
WHISPER MAXI FIT L WINGS,,4902430909174,P&G,,,,,, 143.00 ,,,,,,,,,,,,,,,,,
WHISPER ULTRA NIGHTS XL +,,4902430909099,P&G,,,,,, 175.00 ,,,,,,,,,,,,,,,,,
WHISPER ULTRA NIGHTS XL +,,4902430894814,P&G,,,,,, 319.00 ,,,,,,,,,,,,,,,,,
TIDE EXTRA POWER,,4902430890106,P&G,,,,,, 840.00 ,,,,,,,,,,,,,,,,,
TIDE EXTRA POWER,,4902430908771,P&G,,,,,, 725.00 ,,,,,,,,,,,,,,,,,
TIDE EXTRA POWER,,4902430875110,P&G,,,,,, 465.00 ,,,,,,,,,,,,,,,,,
ARIEL MATIC TOP LOAD,,4987176028716,P&G,,,,,," 1,100.00 ",,,,,,,,,,,,,,,,,
ARIEL MATIC FRONT LOAD,,4987176028709,P&G,,,,,," 1,200.00 ",,,,,,,,,,,,,,,,,
TIDE EXTRA POWER,,4902430919753,P&G,,,,,, 96.00 ,,,,,,,,,,,,,,,,,
ARIEL COMPLETE,,4902430294164,P&G,,,,,, 280.00 ,,,,,,,,,,,,,,,,,
ARIEL FRONT LOAD,,4987176025845,P&G,,,,,, 250.00 ,,,,,,,,,,,,,,,,,
ARIEL TOP LOAD,,4902430290098,P&G,,,,,, 230.00 ,,,,,,,,,,,,,,,,,
AAA BATTERY,,89003565,PANASONIC,,,,,, 10.00 ,,,,,,,,,,,,,,,,,
AA BATTERY,,8901255000185,PANASONIC,,,,,, 10.00 ,,,,,,,,,,,,,,,,,
ALUMINIUM FOIL BLUE,,8906083860031,PARAMOUNT,,,,,, 80.00 ,,,,,,,,,,,,,,,,,
ALUMINIUM FOIL RED,,8906083860062,PARAMOUNT,,,,,, 150.00 ,,,,,,,,,,,,,,,,,
ALUMINIUM FOIL RED,,8906083860109,PARAMOUNT,,,,,, 450.00 ,,,,,,,,,,,,,,,,,
ALUMINIUM FOIL GREEN,,8906083860116,PARAMOUNT,,,,,, 550.00 ,,,,,,,,,,,,,,,,,
DISPOSABLE GLASS COLA,,,PARAS PLASTICS,,,,,, 5.00 ,,,,,,,,,,,,,,,,,
BEER SHAMPOO DAMAGE FREE,,8901277012685,PARK AVENUE,,,,,, 155.00 ,,,,,,,,,,,,,,,,,
PARK AVENUE VOYAGE DEO,,8901277016997,PARK AVENUE,,,,,, 240.00 ,,,,,,,,,,,,,,,,,
PARK AVENUE AFTER SHAVE LOTION,,8901277016393,PARK AVENUE,,,,,, 125.00 ,,,,,,,,,,,,,,,,,
MONACO,,8901719111440,PARLE,,,,,, 5.00 ,,,,,,,,,,,,,,,,,
MONACO,,8901719111464,PARLE,,,,,, 10.00 ,,,,,,,,,,,,,,,,,
APPY FIZZ,,8902579000004,PARLE AGRO,,,,,, 33.00 ,,,,,,,,,,,,,,,,,
FROOTI ,,8902579000233,PARLE AGRO,,,,,, 10.00 ,,,,,,,,,,,,,,,,,
PARLE-G,,8901719112393,PARLE-G,,,,,, 5.00 ,,,,,,,,,,,,,,,,,
TOILET ROLL 2 PLY,,8907250212035,PASEO,,,,,, 350.00 ,,,,,,,,,,,,,,,,,
TISSUE PAPER 1 PLY,,8907250322017,PASEO,,,,,, 60.00 ,,,,,,,,,,,,,,,,,
TOOTHPASTE,,8906032016571,PATANJALI,,,,,, 45.00 ,,,,,,,,,,,,,,,,,
TOOTHPASTE,,8906032010999,PATANJALI,,,,,, 85.00 ,,,,,,,,,,,,,,,,,
HONEY,,8904109449215,PATANJALI,,,,,, 75.00 ,,,,,,,,,,,,,,,,,
HONEY,,8904109449222,PATANJALI,,,,,, 145.00 ,,,,,,,,,,,,,,,,,
HONEY,,8904109449239,PATANJALI,,,,,, 275.00 ,,,,,,,,,,,,,,,,,
KESH KANTI HAIR OIL,,8904109463105,PATANJALI,,,,,, 150.00 ,,,,,,,,,,,,,,,,,
ALOE VERA GEL,,8904109400643,PATANJALI,,,,,, 90.00 ,,,,,,,,,,,,,,,,,
ALOE VERA GEL,,8904109400636,PATANJALI,,,,,, 45.00 ,,,,,,,,,,,,,,,,,
SAUNDARYA FACE WASH,,8904109450426,PATANJALI,,,,,, 60.00 ,,,,,,,,,,,,,,,,,
SAUNDARYA FACE WASH,,8904109400575,PATANJALI,,,,,, 90.00 ,,,,,,,,,,,,,,,,,
KESH KANTI NATURAL SHAMPOO,,8904109464683,PATANJALI,,,,,, 75.00 ,,,,,,,,,,,,,,,,,
KESH KANTI REETHA SHAMPOO,,8904109450495,PATANJALI,,,,,, 85.00 ,,,,,,,,,,,,,,,,,
DANT KANTI NATURAL TOOTHPASTE,,8904109450112,PATANJALI,,,,,, 45.00 ,,,,,,,,,,,,,,,,,
DANT KANTI NATURAL TOOTHPASTE,,8904109450327,PATANJALI,,,,,, 85.00 ,,,,,,,,,,,,,,,,,
DANT KANTI DENTAL CREAM,,8904109451560,PATANJALI,,,,,, 90.00 ,,,,,,,,,,,,,,,,,
DANT KANTI NATURAL TOOTHPASTE COMBO,,8904109451522,PATANJALI,,,,,, 130.00 ,,,,,,,,,,,,,,,,,
DESI GHEE,,8904109490538,PATANJALI COW,,,,,, 565.00 ,,,,,,,,,,,,,,,,,
MOUNTAIN DEW 1.25L,,8902080364565,PEPSICO,,,,,, 60.00 ,,,,,,,,,,,,,,,,,
ANNE FRENCH HAIR REMOVER LEMON,,8902393565925,PFIZER ,,,,,, 65.00 ,,,,,,,,,,,,,,,,,
ANNE FRENCH HAIR REMOVER ROSE,,8902393565888,PFIZER ,,,,,, 65.00 ,,,,,,,,,,,,,,,,,
FACEWASH WHITE BEAUTY,,8901030739576,PONDS,,,,,, 79.00 ,,,,,,,,,,,,,,,,,
FACEWASH PURE WHITE,,8901030767647,PONDS,,,,,, 95.00 ,,,,,,,,,,,,,,,,,
FACEWASH WHITE BEAUTY,,8901030794131,PONDS,,,,,, 149.00 ,,,,,,,,,,,,,,,,,
COCO POWDER,,8906114180299,POSTER,,,,,, 100.00 ,,,,,,,,,,,,,,,,,
PRIL GREASE FIGHTER,,8902102160717,PRIL,,,,,, 395.00 ,,,,,,,,,,,,,,,,,
PROTINEX VANILLA HEALTH FOOD,,8906048501436,PROTINEX,,,,,, 350.00 ,,,,,,,,,,,,,,,,,
PROTINEX ORIGINAL HEALTH FOOD,,8906048500835,PROTINEX,,,,,, 380.00 ,,,,,,,,,,,,,,,,,
PROTINEX CHOCOLATE HEALTH FOOD,,8906048500651,PROTINEX,,,,,, 350.00 ,,,,,,,,,,,,,,,,,
PROTINEX VANILLA HEALTH FOOD,,8906048501450,PROTINEX,,,,,, 550.00 ,,,,,,,,,,,,,,,,,
PROTINEX ORIGINAL HEALTH FOOD,,8906048500361,PROTINEX,,,,,, 595.00 ,,,,,,,,,,,,,,,,,
PROTINEX CHOCOLATE HEALTH FOOD,,8906048500668,PROTINEX,,,,,, 550.00 ,,,,,,,,,,,,,,,,,
BESAN,,,RAJDHANI,,,,,, 60.00 ,,,,,,,,,,,,,,,,,
SOOJI,,,RAJDHANI,,,,,, 39.00 ,,,,,,,,,,,,,,,,,
DALIYA,,,RAJDHANI,,,,,, 39.00 ,,,,,,,,,,,,,,,,,
MAIDA,,,RAJDHANI,,,,,, 39.00 ,,,,,,,,,,,,,,,,,
POHA,,,RAJDHANI,,,,,, 50.00 ,,,,,,,,,,,,,,,,,
DISPOSABLE GLASS DRINKS,,,RAJESH PLASTIC,,,,,, 10.00 ,,,,,,,,,,,,,,,,,
HING,,8902188811015,RAMDEV,,,,,, 25.00 ,,,,,,,,,,,,,,,,,
VANASPATI GHEE,,8906006332683,RATH,,,,,, 130.00 ,,,,,,,,,,,,,,,,,
HARPIC,,,RECKITT BENCKISER,,,,,, 151.00 ,,,,,,,,,,,,,,,,,
HARPIC,,,RECKITT BENCKISER,,,,,, 86.00 ,,,,,,,,,,,,,,,,,
HARPIC,,,RECKITT BENCKISER,,,,,, 37.00 ,,,,,,,,,,,,,,,,,
RED HARPIC,,,RECKITT BENCKISER,,,,,, 91.00 ,,,,,,,,,,,,,,,,,
DETTOL BATH SOAP,,8901396399629,RECKITT BENCKISER,,,,,, 200.00 ,,,,,,,,,,,,,,,,,
DETTOL BATH SOAP,,8901396397632,RECKITT BENCKISER,,,,,, 200.00 ,,,,,,,,,,,,,,,,,
DETTOL LIQUID HAND WASH,,8901396387701,RECKITT BENCKISER,,,,,, 149.00 ,,,,,,,,,,,,,,,,,
DETTOL LIQUID HAND WASH,,8901396324584,RECKITT BENCKISER,,,,,, 99.00 ,,,,,,,,,,,,,,,,,
DERMI COOL POWDER + Dettol SOAP,,8901177003530,RECKITT BENCKISER,,,,,, 112.00 ,,,,,,,,,,,,,,,,,
VEET HAIR REMOVAL CREAM,,8901396321606,RECKITT BENCKISER,,,,,, 125.00 ,,,,,,,,,,,,,,,,,
VEET HAIR REMOVAL CREAM NIKHAAR,,8901396343905,RECKITT BENCKISER,,,,,, 82.00 ,,,,,,,,,,,,,,,,,
VEET FULL BODY WAXING KIT,,8901396341604,RECKITT BENCKISER,,,,,, 199.00 ,,,,,,,,,,,,,,,,,
VEET HALF BODY WAXING KIT,,8901396342106,RECKITT BENCKISER,,,,,, 99.00 ,,,,,,,,,,,,,,,,,
DETTOL DISINFECTANT LIQUID,,8901396348702,RECKITT BENCKISER,,,,,, 193.00 ,,,,,,,,,,,,,,,,,
DETTOL ANTISEPTIC LIQUID,,8901396350200,RECKITT BENCKISER,,,,,, 55.00 ,,,,,,,,,,,,,,,,,
MOOV PAIN RELIEF BALM,,8901177100857,RECKITT BENCKISER,,,,,, 59.00 ,,,,,,,,,,,,,,,,,
MOOV PAIN RELIEF SPRAY,,8901177100352,RECKITT BENCKISER,,,,,, 130.00 ,,,,,,,,,,,,,,,,,
VANISH LIQUID,,8901396040705,RECKITT BENCKISER,,,,,, 105.00 ,,,,,,,,,,,,,,,,,
VANISH LIQUID,,8901396040606,RECKITT BENCKISER,,,,,, 59.00 ,,,,,,,,,,,,,,,,,
HARPIC WHITE & SHINE,,8901396153009,RECKITT BENCKISER,,,,,, 86.00 ,,,,,,,,,,,,,,,,,
ENERGY DRINK,,90162602,RED BULL,,,,,, 115.00 ,,,,,,,,,,,,,,,,,
LIQUID STIFFENER,,,REVIVE,,,,,, 129.00 ,,,,,,,,,,,,,,,,,
MINERAL WATER,,,ROYAL CHALLANGE,,,,,, 6.00 ,,,,,,,,,,,,,,,,,
OLD SPICE AFTERSHAVE LOTION MUSK,,4902430785211,RUBICON FORMULATIONS,,,,,, 120.00 ,,,,,,,,,,,,,,,,,
OLD SPICE AFTERSHAVE LOTION MUSK,,4902430785259,RUBICON FORMULATIONS,,,,,, 199.00 ,,,,,,,,,,,,,,,,,
OLD SPICE AFTERSHAVE LOTION ORIGINAL,,4902430785372,RUBICON FORMULATIONS,,,,,, 235.00 ,,,,,,,,,,,,,,,,,
OLD SPICE MUSK SHAVING CREAM,,4902430649568,RUBICON FORMULATIONS,,,,,, 60.00 ,,,,,,,,,,,,,,,,,
REFINED GOLD,,8901088017381,SAFFOLA,,,,,, 139.00 ,,,,,,,,,,,,,,,,,
MASALA OATS,,8901088129800,SAFFOLA,,,,,, 190.00 ,,,,,,,,,,,,,,,,,
MASALA OATS,,8901088129817,SAFFOLA,,,,,, 190.00 ,,,,,,,,,,,,,,,,,
MASALA OATS,,8901088068758,SAFFOLA,,,,,, 15.00 ,,,,,,,,,,,,,,,,,
MASALA OATS,,8901088068734,SAFFOLA,,,,,, 15.00 ,,,,,,,,,,,,,,,,,
MEDIMIX BATH SOAP,,8904018301680,SAUNDARYA PRASARAK,,,,,, 105.00 ,,,,,,,,,,,,,,,,,
MEDIMIX BATH SOAP,,8904018301673,SAUNDARYA PRASARAK,,,,,, 74.00 ,,,,,,,,,,,,,,,,,
SAVLON HANDWASH,,8901725971540,SAVLONN,,,,,, 99.00 ,,,,,,,,,,,,,,,,,
TONIC WATER ,,8901764241253,SCHWEPPS,,,,,, 50.00 ,,,,,,,,,,,,,,,,,
GINGER ALE,,8901764211256,SCHWEPPS,,,,,, 50.00 ,,,,,,,,,,,,,,,,,
SCOTCH BRITE,,8901361302456,SCOTCH BRITE,,,,,, 35.00 ,,,,,,,,,,,,,,,,,
SUGAR 1KGS,,,SHAGUN,,,,,, 69.00 ,,,,,,,,,,,,,,,,,
TENDER COCONUT WATER,,8906009300603,SHAKTI COCO,,,,,, 60.00 ,,,,,,,,,,,,,,,,,
TENDER COCONUT WATER TETRA ,,8906009300504,SHAKTI COCO,,,,,, 40.00 ,,,,,,,,,,,,,,,,,
REFINED SUNFLOWER OIL PACK OF 2,,8901512103505,SUNDROP,,,,,, 350.00 ,,,,,,,,,,,,,,,,,
YIPPIE,,,SUNFEAST,,,,,, 10.00 ,,,,,,,,,,,,,,,,,
SALT,,8904043901015,TATA,,,,,, 20.00 ,,,,,,,,,,,,,,,,,
TATA GOLD TEA,,8901052000807,TATA,,,,,, 130.00 ,,,,,,,,,,,,,,,,,
TATA GOLD TEA,,8901052000913,TATA,,,,,, 495.00 ,,,,,,,,,,,,,,,,,
TATA PREMIUM TEA,,8901052004539,TATA,,,,,, 125.00 ,,,,,,,,,,,,,,,,,
TATA PREMIUM TEA,,8901052010615,TATA,,,,,, 417.00 ,,,,,,,,,,,,,,,,,
TATA PREMIUM TEA,,8901052004584,TATA,,,,,, 209.00 ,,,,,,,,,,,,,,,,,
ARHAR TOOR DAL,,,TATA SAMPANN,,,,,, 76.00 ,,,,,,,,,,,,,,,,,
ARHAR TOOR DAL,,,TATA SAMPANN,,,,,, 149.00 ,,,,,,,,,,,,,,,,,
KALI MASOOR SABUT,,8904043926179,TATA SAMPANN,,,,,, 130.00 ,,,,,,,,,,,,,,,,,
MASOOR DAL WHOLE,,8904043926582,TATA SAMPANN,,,,,, 69.00 ,,,,,,,,,,,,,,,,,
MASOOR DAL MALKA,,8904043926667,TATA SAMPANN,,,,,, 71.00 ,,,,,,,,,,,,,,,,,
MASOOR DAL MALKA,,8904043926650,TATA SAMPANN,,,,,, 140.00 ,,,,,,,,,,,,,,,,,
MOONG SABUT,,8904043926421,TATA SAMPANN,,,,,, 83.00 ,,,,,,,,,,,,,,,,,
MOONG DHULI,,8904043926322,TATA SAMPANN,,,,,, 96.00 ,,,,,,,,,,,,,,,,,
MOONG CHILKA,,8904043926520,TATA SAMPANN,,,,,, 86.00 ,,,,,,,,,,,,,,,,,
CHANA DAL ,,8904043926629,TATA SAMPANN,,,,,, 53.00 ,,,,,,,,,,,,,,,,,
CHANA DAL ,,8904043926643,TATA SAMPANN,,,,,, 115.00 ,,,,,,,,,,,,,,,,,
KALA CHANA,,8904043926308,TATA SAMPANN,,,,,, 61.00 ,,,,,,,,,,,,,,,,,
KABULI CHANA,,8904043926704,TATA SAMPANN,,,,,, 71.00 ,,,,,,,,,,,,,,,,,
KABULI CHANA,,8904043926698,TATA SAMPANN,,,,,, 150.00 ,,,,,,,,,,,,,,,,,
LOBIYA,,8904043901657,TATA SAMPANN,,,,,, 76.00 ,,,,,,,,,,,,,,,,,
URAD SABUT,,8904043926155,TATA SAMPANN,,,,,, 81.00 ,,,,,,,,,,,,,,,,,
URAD DHULI,,8904043926124,TATA SAMPANN,,,,,, 91.00 ,,,,,,,,,,,,,,,,,
RAJMA,,8904043926681,TATA SAMPANN,,,,,, 91.00 ,,,,,,,,,,,,,,,,,
CHILLI POWDER,,8904043927220,TATA SAMPANN,,,,,, 84.00 ,,,,,,,,,,,,,,,,,
CHILLI POWDER,,8904043927152,TATA SAMPANN,,,,,, 40.00 ,,,,,,,,,,,,,,,,,
TURMERIC POWDER,,8904043927213,TATA SAMPANN,,,,,, 62.00 ,,,,,,,,,,,,,,,,,
TURMERIC POWDER,,8904043927176,TATA SAMPANN,,,,,, 31.00 ,,,,,,,,,,,,,,,,,
CORRIANDER POWDER,,8904043927299,TATA SAMPANN,,,,,, 65.00 ,,,,,,,,,,,,,,,,,
CORRIANDER POWDER,,8904043927190,TATA SAMPANN,,,,,, 31.00 ,,,,,,,,,,,,,,,,,
KASURI METHI,,8904043927305,TATA SAMPANN,,,,,, 28.00 ,,,,,,,,,,,,,,,,,
ROCK SALT,,8904043926612,TATA SAMPANN,,,,,, 120.00 ,,,,,,,,,,,,,,,,,
RED LABEL,,,TEA,,,,,, 105.00 ,,,,,,,,,,,,,,,,,
RED LABEL,,,TEA,,,,,, 210.00 ,,,,,,,,,,,,,,,,,
WAG-BAGHRI,,,TEA,,,,,, 110.00 ,,,,,,,,,,,,,,,,,
TAJ MAHAL,,,TEA,,,,,, 130.00 ,,,,,,,,,,,,,,,,,
TATA TEA GOLD,,,TEA,,,,,, 125.00 ,,,,,,,,,,,,,,,,,
TATA PREIUM,,,TEA,,,,,, 105.00 ,,,,,,,,,,,,,,,,,
TOPS PLAIN NOODLES,,8904288627060,TOPS,,,,,, 50.00 ,,,,,,,,,,,,,,,,,
TOPS VANILLA CUSTARD POWDER,,8904288621112,TOPS,,,,,, 38.00 ,,,,,,,,,,,,,,,,,
TOPS MIXED PICKLE,,8904288611380,TOPS,,,,,, 165.00 ,,,,,,,,,,,,,,,,,
TOPS MANGO PICKLE,,8904288611373,TOPS,,,,,, 165.00 ,,,,,,,,,,,,,,,,,
TOPS GREEN CHILLI PICKLE,,8904288611403,TOPS,,,,,, 165.00 ,,,,,,,,,,,,,,,,,
TOPS PREMIUM VINEGAR,,8904288601275,TOPS,,,,,, 52.00 ,,,,,,,,,,,,,,,,,
TOPS GREEN CHILLI SAUCE,,8904288601374,TOPS,,,,,, 67.00 ,,,,,,,,,,,,,,,,,
TOPS SOYA SAUCE,,8904288601435,TOPS,,,,,, 69.00 ,,,,,,,,,,,,,,,,,
TOPS SNACKS SAUCE,,8904288601220,TOPS,,,,,, 72.00 ,,,,,,,,,,,,,,,,,
TOPS SNACKS SAUCE,,8904288601213,TOPS,,,,,, 105.00 ,,,,,,,,,,,,,,,,,
TOPS SOYA SAUCE,,8904288601428,TOPS,,,,,, 54.00 ,,,,,,,,,,,,,,,,,
TOPS GREEN CHILLI SAUCE,,8904288601367,TOPS,,,,,, 54.00 ,,,,,,,,,,,,,,,,,
MIX FRUIT JUICE ,,,TROPICANA,,,,,, 20.00 ,,,,,,,,,,,,,,,,,
MAMY POKO PANTS LARGE,,8903622000934,UNICHARM INDIA,,,,,, 699.00 ,,,,,,,,,,,,,,,,,
MAMY POKO PANTS MEDIUM,,8903622000880,UNICHARM INDIA,,,,,, 699.00 ,,,,,,,,,,,,,,,,,
MAMY POKO PANTS SMALL,,8903622000811,UNICHARM INDIA,,,,,, 699.00 ,,,,,,,,,,,,,,,,,
MAMY POKO PANTS LARGE,,8903622035233,UNICHARM INDIA,,,,,, 195.00 ,,,,,,,,,,,,,,,,,
MAMY POKO PANTS LARGE,,8903622037336,UNICHARM INDIA,,,,,, 199.00 ,,,,,,,,,,,,,,,,,
MAMY POKO PANTS NEW BORN,,8903622000750,UNICHARM INDIA,,,,,, 199.00 ,,,,,,,,,,,,,,,,,
DENVER BLACKCODE DEO,,8901450003349,VANESA CARE,,,,,, 199.00 ,,,,,,,,,,,,,,,,,
DANVER PRIDE DEO,,8901450003257,VANESA CARE,,,,,, 210.00 ,,,,,,,,,,,,,,,,,
DANVER IMPERIAL DEO,,8901450007286,VANESA CARE,,,,,, 210.00 ,,,,,,,,,,,,,,,,,
VANISH POWDER,,8901396040408,VANISH,,,,,, 199.00 ,,,,,,,,,,,,,,,,,
VANISH POWDER,,8901396040309,VANISH,,,,,, 105.00 ,,,,,,,,,,,,,,,,,
PASTA & PIZZA,,8906069402668,VEEBA,,,,,, 75.00 ,,,,,,,,,,,,,,,,,
WHITE PASTA DRESSING,,8906069400619,VEEBA,,,,,, 99.00 ,,,,,,,,,,,,,,,,,
EGGLESS MAYONESE,,8906069402644,VEEBA,,,,,, 65.00 ,,,,,,,,,,,,,,,,,
THOUSAND ISLAND,,8906069400527,VEEBA,,,,,, 99.00 ,,,,,,,,,,,,,,,,,
CARROTS & CUCUMBERS,,8906069402699,VEEBA,,,,,, 75.00 ,,,,,,,,,,,,,,,,,
VIM LIQUID,,,VIM,,,,,, 20.00 ,,,,,,,,,,,,,,,,,
VIM SOAP BAR,,,VIM,,,,,, 30.00 ,,,,,,,,,,,,,,,,,
VIM BAR,,,VIM,,,,,, 30.00 ,,,,,,,,,,,,,,,,,
TEJ PATTA,,,VIMAN,,,,,, 20.00 ,,,,,,,,,,,,,,,,,
BLACK PEPPER,,,VIMAN,,,,,, 120.00 ,,,,,,,,,,,,,,,,,
BLACK MUSTARD,,,VIMAN,,,,,, 35.00 ,,,,,,,,,,,,,,,,,
SOUFF,,,VIMAN,,,,,, 55.00 ,,,,,,,,,,,,,,,,,
SMALL ELAICHI,,,VIMAN,,,,,, 125.00 ,,,,,,,,,,,,,,,,,
RAI,,,VIMAN,,,,,, 30.00 ,,,,,,,,,,,,,,,,,
MEETHA SODA,,,VIMAN,,,,,, 35.00 ,,,,,,,,,,,,,,,,,
LAUNG,,,VIMAN,,,,,, 125.00 ,,,,,,,,,,,,,,,,,
JEERA,,,VIMAN,,,,,, 85.00 ,,,,,,,,,,,,,,,,,
METHI,,,VIMAN,,,,,, 30.00 ,,,,,,,,,,,,,,,,,
FOGG ROYAL DEO,,8908001158312,VINI COSMETICS,,,,,, 185.00 ,,,,,,,,,,,,,,,,,
FOGG IMPERIAL DEO,,8908001158480,VINI COSMETICS,,,,,, 185.00 ,,,,,,,,,,,,,,,,,
FOGG NAPOLEON DEO,,8908001158244,VINI COSMETICS,,,,,, 185.00 ,,,,,,,,,,,,,,,,,
CUP NOODELS,,,WAI WAI,,,,,, 40.00 ,,,,,,,,,,,,,,,,,
WILD STONE ULTRA SENSUAL DEO,,8904006301166,WILD STONE,,,,,, 199.00 ,,,,,,,,,,,,,,,,,
WILD STONE LEGEND DEO,,8904006302460,WILD STONE,,,,,, 199.00 ,,,,,,,,,,,,,,,,,
WILD STONE FOREST SPICE DEO,,8904006302750,WILD STONE,,,,,, 199.00 ,,,,,,,,,,,,,,,,,
SANTOOR BATH SOAP,,8901399005305,WIPRO ENTERPRISE,,,,,, 98.00 ,,,,,,,,,,,,,,,,,
BUTTER PAPER,,,WRAP IT RIGHT,,,,,, 200.00 ,,,,,,,,,,,,,,,,,
ZANDU BALM,,8901248701112,ZANDU,,,,,, 80.00 ,,,,,,,,,,,,,,,,,
COMPLAN BOTTLE,,8901542001932,ZYDUS WELLNESS,,,,,, 299.00 ,,,,,,,,,,,,,,,,,
COMPLAN CHOCOLATE TETRA,,8901542000928,ZYDUS WELLNESS,,,,,, 280.00 ,,,,,,,,,,,,,,,,,
COMPLAN KESAR BADAM TETRA,,8901542000065,ZYDUS WELLNESS,,,,,, 315.00 ,,,,,,,,,,,,,,,,,
EVERYUTH WALNUT SCRUB,,8901120141029,ZYDUS WELNESS,,,,,, 130.00 ,,,,,,,,,,,,,,,,,
EVERYUTH WALNUT SCRUB,,8901120141012,ZYDUS WELNESS,,,,,, 70.00 ,,,,,,,,,,,,,,,,,
EVERYUTH TUSLI TURMERIC FACE WASH,,8901548146767,ZYDUS WELNESS,,,,,, 50.00 ,,,,,,,,,,,,,,,,,
EVERYOUTH GOLDEN GLOW PEEL OFF MASK,,8901548147191,ZYDUS WELNESS,,,,,, 75.00 ,,,,,,,,,,,,,,,,,
OREO,,8906032011019,,,,,,, 10.00 ,,,,,,,,,,,,,,,,,
RED HIT,,,,,,,,, 182.00 ,,,,,,,,,,,,,,,,,
BLACK HIT,,,,,,,,, 182.00 ,,,,,,,,,,,,,,,,,
RED HIT,,,,,,,,, 99.00 ,,,,,,,,,,,,,,,,,
BLACK HIT,,,,,,,,, 99.00 ,,,,,,,,,,,,,,,,,
COLIN,,,,,,,,, 89.00 ,,,,,,,,,,,,,,,,,
LIZOL,,,,,,,,, 93.00 ,,,,,,,,,,,,,,,,,
VASLINE,,,,,,,,, 10.00 ,,,,,,,,,,,,,,,,,
VIM LIQUID,,,,,,,,, 45.00 ,,,,,,,,,,,,,,,,,
SURF EXCEL EASY WASH,,,HUL,,,,,, 48.00 ,,,,,,,,,,,,,,,,,
SURF EXCEL EASY WASH,,,HUL,,,,,, 105.00 ,,,,,,,,,,,,,,,,,
SURF EXCEL QUICK WASH,,,HUL,,,,,, 180.00 ,,,,,,,,,,,,,,,,,
SURF EXCEL QUICK WASH,,,HUL,,,,,, 90.00 ,,,,,,,,,,,,,,,,,
RIN SOAP,,,,,,,,, 10.00 ,,,,,,,,,,,,,,,,,
TIDE EXTRA POWER,,,P&G,,,,,, 96.00 ,,,,,,,,,,,,,,,,,
TIDE EXTRA POWER,,,P&G,,,,,, 48.00 ,,,,,,,,,,,,,,,,,
SURF EXCEL TOP LOAD,,,,,,,,, 209.00 ,,,,,,,,,,,,,,,,,
SURF EXCEL FRONT LOAD,,,,,,,,, 235.00 ,,,,,,,,,,,,,,,,,
SURF EXCEL MATIC TOP LOAD,,,,,,,,, 449.00 ,,,,,,,,,,,,,,,,,
MAGGIE (INR12),,,,,,,,, 15.00 ,,,,,,,,,,,,,,,,,
MAGGIE (INR 68),,,,,,,,, 68.00 ,,,,,,,,,,,,,,,,,
DETTOL SOAP,,,,,,,,, 96.00 ,,,,,,,,,,,,,,,,,
LUX SOFT TOUCH,,,,,,,,, 95.00 ,,,,,,,,,,,,,,,,,
PEARS SOPA,,,,,,,,, 38.00 ,,,,,,,,,,,,,,,,,
LUX INTERNATIONAL TOUCH,,,,,,,,, 30.00 ,,,,,,,,,,,,,,,,,
DOVE SOPA BAR,,,,,,,,, 20.00 ,,,,,,,,,,,,,,,,,
CLINIC PLUS  STRONG & LONG,,,,,,,,, 288.00 ,,,,,,,,,,,,,,,,,
SESAME OIL,,,,,,,,,,,,,,,,,,,,,,,,,,
CLASSIC SALTED COMBO,,,,,,,,,,,,,,,,,,,,,,,,,,
SUGARFREE,,,,,,,,, 150.00 ,,,,,,,,,,,,,,,,,
GARBAGE BAGS,,,,,,,,, 68.00 ,,,,,,,,,,,,,,,,,
,,,,,,,,,,,,,,,,,,,,,,,,,,
,,,,,,,,,,,,,,,,,,,,,,,,,,
,,,,,,,,,,,,,,,,,,,,,,,,,,
,,,,,,,,,,,,,,,,,,,,,,,,,,
,,,,,,,,,,,,,,,,,,,,,,,,,,
,,,,,,,,,,,,,,,,,,,,,,,,,,
,,,,,,,,,,,,,,,,,,,,,,,,,,
,,,,,,,,,,,,,,,,,,,,,,,,,,
,,,,,,,,,,,,,,,,,,,,,,,,,,
,,,,,,,,,,,,,,,,,,,,,,,,,,
,,,,,,,,,,,,,,,,,,,,,,,,,,
